Title,Channel,Date,TimestampStart,TimestampEnd,Caption,TimestamppedURL,
16 YEARS ON YOUTUBE! (recreating first video w⧸ my daughter) ~KISSIES TO MY LITTLE BABY FISHIES~.en.srt,blndsundoll4mj,1/4/2023,00:00:00,00:00:01,,https://youtu.be/oNy8M6dm59A&t=0,
16 YEARS ON YOUTUBE! (recreating first video w⧸ my daughter) ~KISSIES TO MY LITTLE BABY FISHIES~.en.srt,blndsundoll4mj,1/4/2023,00:00:01,00:00:01,ah,https://youtu.be/oNy8M6dm59A&t=1,
16 YEARS ON YOUTUBE! (recreating first video w⧸ my daughter) ~KISSIES TO MY LITTLE BABY FISHIES~.en.srt,blndsundoll4mj,1/4/2023,00:00:01,00:00:05,ah,https://youtu.be/oNy8M6dm59A&t=1,
16 YEARS ON YOUTUBE! (recreating first video w⧸ my daughter) ~KISSIES TO MY LITTLE BABY FISHIES~.en.srt,blndsundoll4mj,1/4/2023,00:00:05,00:00:05,happy anniversary,https://youtu.be/oNy8M6dm59A&t=5,
16 YEARS ON YOUTUBE! (recreating first video w⧸ my daughter) ~KISSIES TO MY LITTLE BABY FISHIES~.en.srt,blndsundoll4mj,1/4/2023,00:00:05,00:00:07,happy anniversary,https://youtu.be/oNy8M6dm59A&t=5,
16 YEARS ON YOUTUBE! (recreating first video w⧸ my daughter) ~KISSIES TO MY LITTLE BABY FISHIES~.en.srt,blndsundoll4mj,1/4/2023,00:00:07,00:00:07,hey Manvel guess what,https://youtu.be/oNy8M6dm59A&t=7,
16 YEARS ON YOUTUBE! (recreating first video w⧸ my daughter) ~KISSIES TO MY LITTLE BABY FISHIES~.en.srt,blndsundoll4mj,1/4/2023,00:00:07,00:00:11,hey Manvel guess what,https://youtu.be/oNy8M6dm59A&t=7,
16 YEARS ON YOUTUBE! (recreating first video w⧸ my daughter) ~KISSIES TO MY LITTLE BABY FISHIES~.en.srt,blndsundoll4mj,1/4/2023,00:00:11,00:00:11,it's Mommy 16 years on YouTube,https://youtu.be/oNy8M6dm59A&t=11,
16 YEARS ON YOUTUBE! (recreating first video w⧸ my daughter) ~KISSIES TO MY LITTLE BABY FISHIES~.en.srt,blndsundoll4mj,1/4/2023,00:00:11,00:00:14,it's Mommy 16 years on YouTube,https://youtu.be/oNy8M6dm59A&t=11,
16 YEARS ON YOUTUBE! (recreating first video w⧸ my daughter) ~KISSIES TO MY LITTLE BABY FISHIES~.en.srt,blndsundoll4mj,1/4/2023,00:00:14,00:00:14,and it's my first year celebrating with,https://youtu.be/oNy8M6dm59A&t=14,
16 YEARS ON YOUTUBE! (recreating first video w⧸ my daughter) ~KISSIES TO MY LITTLE BABY FISHIES~.en.srt,blndsundoll4mj,1/4/2023,00:00:14,00:00:16,and it's my first year celebrating with,https://youtu.be/oNy8M6dm59A&t=14,
16 YEARS ON YOUTUBE! (recreating first video w⧸ my daughter) ~KISSIES TO MY LITTLE BABY FISHIES~.en.srt,blndsundoll4mj,1/4/2023,00:00:16,00:00:16,the baby she's looking at the light she,https://youtu.be/oNy8M6dm59A&t=16,
16 YEARS ON YOUTUBE! (recreating first video w⧸ my daughter) ~KISSIES TO MY LITTLE BABY FISHIES~.en.srt,blndsundoll4mj,1/4/2023,00:00:16,00:00:19,the baby she's looking at the light she,https://youtu.be/oNy8M6dm59A&t=16,
16 YEARS ON YOUTUBE! (recreating first video w⧸ my daughter) ~KISSIES TO MY LITTLE BABY FISHIES~.en.srt,blndsundoll4mj,1/4/2023,00:00:19,00:00:19,loves lights you guys 16 years ago today,https://youtu.be/oNy8M6dm59A&t=19,
16 YEARS ON YOUTUBE! (recreating first video w⧸ my daughter) ~KISSIES TO MY LITTLE BABY FISHIES~.en.srt,blndsundoll4mj,1/4/2023,00:00:19,00:00:22,loves lights you guys 16 years ago today,https://youtu.be/oNy8M6dm59A&t=19,
16 YEARS ON YOUTUBE! (recreating first video w⧸ my daughter) ~KISSIES TO MY LITTLE BABY FISHIES~.en.srt,blndsundoll4mj,1/4/2023,00:00:22,00:00:22,January 4th 2007. I was my first ever,https://youtu.be/oNy8M6dm59A&t=22,
16 YEARS ON YOUTUBE! (recreating first video w⧸ my daughter) ~KISSIES TO MY LITTLE BABY FISHIES~.en.srt,blndsundoll4mj,1/4/2023,00:00:22,00:00:24,January 4th 2007. I was my first ever,https://youtu.be/oNy8M6dm59A&t=22,
16 YEARS ON YOUTUBE! (recreating first video w⧸ my daughter) ~KISSIES TO MY LITTLE BABY FISHIES~.en.srt,blndsundoll4mj,1/4/2023,00:00:24,00:00:24,YouTube video which changed the whole,https://youtu.be/oNy8M6dm59A&t=24,
16 YEARS ON YOUTUBE! (recreating first video w⧸ my daughter) ~KISSIES TO MY LITTLE BABY FISHIES~.en.srt,blndsundoll4mj,1/4/2023,00:00:24,00:00:26,YouTube video which changed the whole,https://youtu.be/oNy8M6dm59A&t=24,
16 YEARS ON YOUTUBE! (recreating first video w⧸ my daughter) ~KISSIES TO MY LITTLE BABY FISHIES~.en.srt,blndsundoll4mj,1/4/2023,00:00:26,00:00:26,course of my life and I'm gonna show it,https://youtu.be/oNy8M6dm59A&t=26,
16 YEARS ON YOUTUBE! (recreating first video w⧸ my daughter) ~KISSIES TO MY LITTLE BABY FISHIES~.en.srt,blndsundoll4mj,1/4/2023,00:00:26,00:00:28,course of my life and I'm gonna show it,https://youtu.be/oNy8M6dm59A&t=26,
16 YEARS ON YOUTUBE! (recreating first video w⧸ my daughter) ~KISSIES TO MY LITTLE BABY FISHIES~.en.srt,blndsundoll4mj,1/4/2023,00:00:28,00:00:28,to you in a second I'm gonna show it to,https://youtu.be/oNy8M6dm59A&t=28,
16 YEARS ON YOUTUBE! (recreating first video w⧸ my daughter) ~KISSIES TO MY LITTLE BABY FISHIES~.en.srt,blndsundoll4mj,1/4/2023,00:00:28,00:00:30,to you in a second I'm gonna show it to,https://youtu.be/oNy8M6dm59A&t=28,
16 YEARS ON YOUTUBE! (recreating first video w⧸ my daughter) ~KISSIES TO MY LITTLE BABY FISHIES~.en.srt,blndsundoll4mj,1/4/2023,00:00:30,00:00:30,mouth in a second you want to react to,https://youtu.be/oNy8M6dm59A&t=30,
16 YEARS ON YOUTUBE! (recreating first video w⧸ my daughter) ~KISSIES TO MY LITTLE BABY FISHIES~.en.srt,blndsundoll4mj,1/4/2023,00:00:30,00:00:32,mouth in a second you want to react to,https://youtu.be/oNy8M6dm59A&t=30,
16 YEARS ON YOUTUBE! (recreating first video w⧸ my daughter) ~KISSIES TO MY LITTLE BABY FISHIES~.en.srt,blndsundoll4mj,1/4/2023,00:00:32,00:00:32,Mommy's first YouTube video,https://youtu.be/oNy8M6dm59A&t=32,
16 YEARS ON YOUTUBE! (recreating first video w⧸ my daughter) ~KISSIES TO MY LITTLE BABY FISHIES~.en.srt,blndsundoll4mj,1/4/2023,00:00:32,00:00:34,Mommy's first YouTube video,https://youtu.be/oNy8M6dm59A&t=32,
16 YEARS ON YOUTUBE! (recreating first video w⧸ my daughter) ~KISSIES TO MY LITTLE BABY FISHIES~.en.srt,blndsundoll4mj,1/4/2023,00:00:34,00:00:34,do you want to recreate mommy's Words,https://youtu.be/oNy8M6dm59A&t=34,
16 YEARS ON YOUTUBE! (recreating first video w⧸ my daughter) ~KISSIES TO MY LITTLE BABY FISHIES~.en.srt,blndsundoll4mj,1/4/2023,00:00:34,00:00:35,do you want to recreate mommy's Words,https://youtu.be/oNy8M6dm59A&t=34,
16 YEARS ON YOUTUBE! (recreating first video w⧸ my daughter) ~KISSIES TO MY LITTLE BABY FISHIES~.en.srt,blndsundoll4mj,1/4/2023,00:00:35,00:00:35,YouTube video you've been talking so,https://youtu.be/oNy8M6dm59A&t=35,
16 YEARS ON YOUTUBE! (recreating first video w⧸ my daughter) ~KISSIES TO MY LITTLE BABY FISHIES~.en.srt,blndsundoll4mj,1/4/2023,00:00:35,00:00:39,YouTube video you've been talking so,https://youtu.be/oNy8M6dm59A&t=35,
16 YEARS ON YOUTUBE! (recreating first video w⧸ my daughter) ~KISSIES TO MY LITTLE BABY FISHIES~.en.srt,blndsundoll4mj,1/4/2023,00:00:39,00:00:39,much and we can recreate it,https://youtu.be/oNy8M6dm59A&t=39,
16 YEARS ON YOUTUBE! (recreating first video w⧸ my daughter) ~KISSIES TO MY LITTLE BABY FISHIES~.en.srt,blndsundoll4mj,1/4/2023,00:00:39,00:00:43,much and we can recreate it,https://youtu.be/oNy8M6dm59A&t=39,
16 YEARS ON YOUTUBE! (recreating first video w⧸ my daughter) ~KISSIES TO MY LITTLE BABY FISHIES~.en.srt,blndsundoll4mj,1/4/2023,00:00:43,00:00:43,,https://youtu.be/oNy8M6dm59A&t=43,
16 YEARS ON YOUTUBE! (recreating first video w⧸ my daughter) ~KISSIES TO MY LITTLE BABY FISHIES~.en.srt,blndsundoll4mj,1/4/2023,00:00:43,00:00:45,,https://youtu.be/oNy8M6dm59A&t=43,
16 YEARS ON YOUTUBE! (recreating first video w⧸ my daughter) ~KISSIES TO MY LITTLE BABY FISHIES~.en.srt,blndsundoll4mj,1/4/2023,00:00:45,00:00:45,and I feel like a lot has changed in 16,https://youtu.be/oNy8M6dm59A&t=45,
16 YEARS ON YOUTUBE! (recreating first video w⧸ my daughter) ~KISSIES TO MY LITTLE BABY FISHIES~.en.srt,blndsundoll4mj,1/4/2023,00:00:45,00:00:47,and I feel like a lot has changed in 16,https://youtu.be/oNy8M6dm59A&t=45,
16 YEARS ON YOUTUBE! (recreating first video w⧸ my daughter) ~KISSIES TO MY LITTLE BABY FISHIES~.en.srt,blndsundoll4mj,1/4/2023,00:00:47,00:00:47,years obviously most of the changes,https://youtu.be/oNy8M6dm59A&t=47,
16 YEARS ON YOUTUBE! (recreating first video w⧸ my daughter) ~KISSIES TO MY LITTLE BABY FISHIES~.en.srt,blndsundoll4mj,1/4/2023,00:00:47,00:00:49,years obviously most of the changes,https://youtu.be/oNy8M6dm59A&t=47,
16 YEARS ON YOUTUBE! (recreating first video w⧸ my daughter) ~KISSIES TO MY LITTLE BABY FISHIES~.en.srt,blndsundoll4mj,1/4/2023,00:00:49,00:00:49,happened in the past couple years but,https://youtu.be/oNy8M6dm59A&t=49,
16 YEARS ON YOUTUBE! (recreating first video w⧸ my daughter) ~KISSIES TO MY LITTLE BABY FISHIES~.en.srt,blndsundoll4mj,1/4/2023,00:00:49,00:00:51,happened in the past couple years but,https://youtu.be/oNy8M6dm59A&t=49,
16 YEARS ON YOUTUBE! (recreating first video w⧸ my daughter) ~KISSIES TO MY LITTLE BABY FISHIES~.en.srt,blndsundoll4mj,1/4/2023,00:00:51,00:00:51,hey we'll say it's a 16-year journey and,https://youtu.be/oNy8M6dm59A&t=51,
16 YEARS ON YOUTUBE! (recreating first video w⧸ my daughter) ~KISSIES TO MY LITTLE BABY FISHIES~.en.srt,blndsundoll4mj,1/4/2023,00:00:51,00:00:52,hey we'll say it's a 16-year journey and,https://youtu.be/oNy8M6dm59A&t=51,
16 YEARS ON YOUTUBE! (recreating first video w⧸ my daughter) ~KISSIES TO MY LITTLE BABY FISHIES~.en.srt,blndsundoll4mj,1/4/2023,00:00:52,00:00:52,it has in the 16 year journey I really,https://youtu.be/oNy8M6dm59A&t=52,
16 YEARS ON YOUTUBE! (recreating first video w⧸ my daughter) ~KISSIES TO MY LITTLE BABY FISHIES~.en.srt,blndsundoll4mj,1/4/2023,00:00:52,00:00:54,it has in the 16 year journey I really,https://youtu.be/oNy8M6dm59A&t=52,
16 YEARS ON YOUTUBE! (recreating first video w⧸ my daughter) ~KISSIES TO MY LITTLE BABY FISHIES~.en.srt,blndsundoll4mj,1/4/2023,00:00:54,00:00:54,thank you guys so much for being here I,https://youtu.be/oNy8M6dm59A&t=54,
16 YEARS ON YOUTUBE! (recreating first video w⧸ my daughter) ~KISSIES TO MY LITTLE BABY FISHIES~.en.srt,blndsundoll4mj,1/4/2023,00:00:54,00:00:56,thank you guys so much for being here I,https://youtu.be/oNy8M6dm59A&t=54,
16 YEARS ON YOUTUBE! (recreating first video w⧸ my daughter) ~KISSIES TO MY LITTLE BABY FISHIES~.en.srt,blndsundoll4mj,1/4/2023,00:00:56,00:00:56,started this channel when I was 18 years,https://youtu.be/oNy8M6dm59A&t=56,
16 YEARS ON YOUTUBE! (recreating first video w⧸ my daughter) ~KISSIES TO MY LITTLE BABY FISHIES~.en.srt,blndsundoll4mj,1/4/2023,00:00:56,00:00:59,started this channel when I was 18 years,https://youtu.be/oNy8M6dm59A&t=56,
16 YEARS ON YOUTUBE! (recreating first video w⧸ my daughter) ~KISSIES TO MY LITTLE BABY FISHIES~.en.srt,blndsundoll4mj,1/4/2023,00:00:59,00:00:59,old I am 34 married with a baby can you,https://youtu.be/oNy8M6dm59A&t=59,
16 YEARS ON YOUTUBE! (recreating first video w⧸ my daughter) ~KISSIES TO MY LITTLE BABY FISHIES~.en.srt,blndsundoll4mj,1/4/2023,00:00:59,00:01:00,old I am 34 married with a baby can you,https://youtu.be/oNy8M6dm59A&t=59,
16 YEARS ON YOUTUBE! (recreating first video w⧸ my daughter) ~KISSIES TO MY LITTLE BABY FISHIES~.en.srt,blndsundoll4mj,1/4/2023,00:01:00,00:01:00,believe it,https://youtu.be/oNy8M6dm59A&t=60,
16 YEARS ON YOUTUBE! (recreating first video w⧸ my daughter) ~KISSIES TO MY LITTLE BABY FISHIES~.en.srt,blndsundoll4mj,1/4/2023,00:01:00,00:01:03,believe it,https://youtu.be/oNy8M6dm59A&t=60,
16 YEARS ON YOUTUBE! (recreating first video w⧸ my daughter) ~KISSIES TO MY LITTLE BABY FISHIES~.en.srt,blndsundoll4mj,1/4/2023,00:01:03,00:01:03,did you believe it,https://youtu.be/oNy8M6dm59A&t=63,
16 YEARS ON YOUTUBE! (recreating first video w⧸ my daughter) ~KISSIES TO MY LITTLE BABY FISHIES~.en.srt,blndsundoll4mj,1/4/2023,00:01:03,00:01:06,did you believe it,https://youtu.be/oNy8M6dm59A&t=63,
16 YEARS ON YOUTUBE! (recreating first video w⧸ my daughter) ~KISSIES TO MY LITTLE BABY FISHIES~.en.srt,blndsundoll4mj,1/4/2023,00:01:06,00:01:06,so let's see let's see if Malibu reacts,https://youtu.be/oNy8M6dm59A&t=66,
16 YEARS ON YOUTUBE! (recreating first video w⧸ my daughter) ~KISSIES TO MY LITTLE BABY FISHIES~.en.srt,blndsundoll4mj,1/4/2023,00:01:06,00:01:07,so let's see let's see if Malibu reacts,https://youtu.be/oNy8M6dm59A&t=66,
16 YEARS ON YOUTUBE! (recreating first video w⧸ my daughter) ~KISSIES TO MY LITTLE BABY FISHIES~.en.srt,blndsundoll4mj,1/4/2023,00:01:07,00:01:07,to,https://youtu.be/oNy8M6dm59A&t=67,
16 YEARS ON YOUTUBE! (recreating first video w⧸ my daughter) ~KISSIES TO MY LITTLE BABY FISHIES~.en.srt,blndsundoll4mj,1/4/2023,00:01:07,00:01:09,to,https://youtu.be/oNy8M6dm59A&t=67,
16 YEARS ON YOUTUBE! (recreating first video w⧸ my daughter) ~KISSIES TO MY LITTLE BABY FISHIES~.en.srt,blndsundoll4mj,1/4/2023,00:01:09,00:01:09,um the first YouTube video I already,https://youtu.be/oNy8M6dm59A&t=69,
16 YEARS ON YOUTUBE! (recreating first video w⧸ my daughter) ~KISSIES TO MY LITTLE BABY FISHIES~.en.srt,blndsundoll4mj,1/4/2023,00:01:09,00:01:11,um the first YouTube video I already,https://youtu.be/oNy8M6dm59A&t=69,
16 YEARS ON YOUTUBE! (recreating first video w⧸ my daughter) ~KISSIES TO MY LITTLE BABY FISHIES~.en.srt,blndsundoll4mj,1/4/2023,00:01:11,00:01:11,here here's the First YouTube she likes,https://youtu.be/oNy8M6dm59A&t=71,
16 YEARS ON YOUTUBE! (recreating first video w⧸ my daughter) ~KISSIES TO MY LITTLE BABY FISHIES~.en.srt,blndsundoll4mj,1/4/2023,00:01:11,00:01:13,here here's the First YouTube she likes,https://youtu.be/oNy8M6dm59A&t=71,
16 YEARS ON YOUTUBE! (recreating first video w⧸ my daughter) ~KISSIES TO MY LITTLE BABY FISHIES~.en.srt,blndsundoll4mj,1/4/2023,00:01:13,00:01:13,to watch,https://youtu.be/oNy8M6dm59A&t=73,
16 YEARS ON YOUTUBE! (recreating first video w⧸ my daughter) ~KISSIES TO MY LITTLE BABY FISHIES~.en.srt,blndsundoll4mj,1/4/2023,00:01:13,00:01:14,to watch,https://youtu.be/oNy8M6dm59A&t=73,
16 YEARS ON YOUTUBE! (recreating first video w⧸ my daughter) ~KISSIES TO MY LITTLE BABY FISHIES~.en.srt,blndsundoll4mj,1/4/2023,00:01:14,00:01:14,green let's see here,https://youtu.be/oNy8M6dm59A&t=74,
16 YEARS ON YOUTUBE! (recreating first video w⧸ my daughter) ~KISSIES TO MY LITTLE BABY FISHIES~.en.srt,blndsundoll4mj,1/4/2023,00:01:14,00:01:17,green let's see here,https://youtu.be/oNy8M6dm59A&t=74,
16 YEARS ON YOUTUBE! (recreating first video w⧸ my daughter) ~KISSIES TO MY LITTLE BABY FISHIES~.en.srt,blndsundoll4mj,1/4/2023,00:01:17,00:01:17,isn't mommy's first YouTube video we're,https://youtu.be/oNy8M6dm59A&t=77,
16 YEARS ON YOUTUBE! (recreating first video w⧸ my daughter) ~KISSIES TO MY LITTLE BABY FISHIES~.en.srt,blndsundoll4mj,1/4/2023,00:01:17,00:01:18,isn't mommy's first YouTube video we're,https://youtu.be/oNy8M6dm59A&t=77,
16 YEARS ON YOUTUBE! (recreating first video w⧸ my daughter) ~KISSIES TO MY LITTLE BABY FISHIES~.en.srt,blndsundoll4mj,1/4/2023,00:01:18,00:01:18,gonna go full screen,https://youtu.be/oNy8M6dm59A&t=78,
16 YEARS ON YOUTUBE! (recreating first video w⧸ my daughter) ~KISSIES TO MY LITTLE BABY FISHIES~.en.srt,blndsundoll4mj,1/4/2023,00:01:18,00:01:21,gonna go full screen,https://youtu.be/oNy8M6dm59A&t=78,
16 YEARS ON YOUTUBE! (recreating first video w⧸ my daughter) ~KISSIES TO MY LITTLE BABY FISHIES~.en.srt,blndsundoll4mj,1/4/2023,00:01:21,00:01:21,here's his first YouTube video you can,https://youtu.be/oNy8M6dm59A&t=81,
16 YEARS ON YOUTUBE! (recreating first video w⧸ my daughter) ~KISSIES TO MY LITTLE BABY FISHIES~.en.srt,blndsundoll4mj,1/4/2023,00:01:21,00:01:23,here's his first YouTube video you can,https://youtu.be/oNy8M6dm59A&t=81,
16 YEARS ON YOUTUBE! (recreating first video w⧸ my daughter) ~KISSIES TO MY LITTLE BABY FISHIES~.en.srt,blndsundoll4mj,1/4/2023,00:01:23,00:01:23,see it you can clock it do you want to,https://youtu.be/oNy8M6dm59A&t=83,
16 YEARS ON YOUTUBE! (recreating first video w⧸ my daughter) ~KISSIES TO MY LITTLE BABY FISHIES~.en.srt,blndsundoll4mj,1/4/2023,00:01:23,00:01:25,see it you can clock it do you want to,https://youtu.be/oNy8M6dm59A&t=83,
16 YEARS ON YOUTUBE! (recreating first video w⧸ my daughter) ~KISSIES TO MY LITTLE BABY FISHIES~.en.srt,blndsundoll4mj,1/4/2023,00:01:25,00:01:25,watch Halloween's first YouTube video,https://youtu.be/oNy8M6dm59A&t=85,
16 YEARS ON YOUTUBE! (recreating first video w⧸ my daughter) ~KISSIES TO MY LITTLE BABY FISHIES~.en.srt,blndsundoll4mj,1/4/2023,00:01:25,00:01:27,watch Halloween's first YouTube video,https://youtu.be/oNy8M6dm59A&t=85,
16 YEARS ON YOUTUBE! (recreating first video w⧸ my daughter) ~KISSIES TO MY LITTLE BABY FISHIES~.en.srt,blndsundoll4mj,1/4/2023,00:01:27,00:01:27,yeah,https://youtu.be/oNy8M6dm59A&t=87,
16 YEARS ON YOUTUBE! (recreating first video w⧸ my daughter) ~KISSIES TO MY LITTLE BABY FISHIES~.en.srt,blndsundoll4mj,1/4/2023,00:01:27,00:01:30,yeah,https://youtu.be/oNy8M6dm59A&t=87,
16 YEARS ON YOUTUBE! (recreating first video w⧸ my daughter) ~KISSIES TO MY LITTLE BABY FISHIES~.en.srt,blndsundoll4mj,1/4/2023,00:01:30,00:01:30,,https://youtu.be/oNy8M6dm59A&t=90,
16 YEARS ON YOUTUBE! (recreating first video w⧸ my daughter) ~KISSIES TO MY LITTLE BABY FISHIES~.en.srt,blndsundoll4mj,1/4/2023,00:01:30,00:01:32,,https://youtu.be/oNy8M6dm59A&t=90,
16 YEARS ON YOUTUBE! (recreating first video w⧸ my daughter) ~KISSIES TO MY LITTLE BABY FISHIES~.en.srt,blndsundoll4mj,1/4/2023,00:01:32,00:01:32,oh I already started because I was,https://youtu.be/oNy8M6dm59A&t=92,
16 YEARS ON YOUTUBE! (recreating first video w⧸ my daughter) ~KISSIES TO MY LITTLE BABY FISHIES~.en.srt,blndsundoll4mj,1/4/2023,00:01:32,00:01:34,oh I already started because I was,https://youtu.be/oNy8M6dm59A&t=92,
16 YEARS ON YOUTUBE! (recreating first video w⧸ my daughter) ~KISSIES TO MY LITTLE BABY FISHIES~.en.srt,blndsundoll4mj,1/4/2023,00:01:34,00:01:34,excited,https://youtu.be/oNy8M6dm59A&t=94,
16 YEARS ON YOUTUBE! (recreating first video w⧸ my daughter) ~KISSIES TO MY LITTLE BABY FISHIES~.en.srt,blndsundoll4mj,1/4/2023,00:01:34,00:01:36,excited,https://youtu.be/oNy8M6dm59A&t=94,
16 YEARS ON YOUTUBE! (recreating first video w⧸ my daughter) ~KISSIES TO MY LITTLE BABY FISHIES~.en.srt,blndsundoll4mj,1/4/2023,00:01:36,00:01:36,all right here we go,https://youtu.be/oNy8M6dm59A&t=96,
16 YEARS ON YOUTUBE! (recreating first video w⧸ my daughter) ~KISSIES TO MY LITTLE BABY FISHIES~.en.srt,blndsundoll4mj,1/4/2023,00:01:36,00:01:47,all right here we go,https://youtu.be/oNy8M6dm59A&t=96,
16 YEARS ON YOUTUBE! (recreating first video w⧸ my daughter) ~KISSIES TO MY LITTLE BABY FISHIES~.en.srt,blndsundoll4mj,1/4/2023,00:01:47,00:01:47,,https://youtu.be/oNy8M6dm59A&t=107,
16 YEARS ON YOUTUBE! (recreating first video w⧸ my daughter) ~KISSIES TO MY LITTLE BABY FISHIES~.en.srt,blndsundoll4mj,1/4/2023,00:01:47,00:01:48,,https://youtu.be/oNy8M6dm59A&t=107,
16 YEARS ON YOUTUBE! (recreating first video w⧸ my daughter) ~KISSIES TO MY LITTLE BABY FISHIES~.en.srt,blndsundoll4mj,1/4/2023,00:01:48,00:01:48,not bringing your adventure something,https://youtu.be/oNy8M6dm59A&t=108,
16 YEARS ON YOUTUBE! (recreating first video w⧸ my daughter) ~KISSIES TO MY LITTLE BABY FISHIES~.en.srt,blndsundoll4mj,1/4/2023,00:01:48,00:01:54,not bringing your adventure something,https://youtu.be/oNy8M6dm59A&t=108,
16 YEARS ON YOUTUBE! (recreating first video w⧸ my daughter) ~KISSIES TO MY LITTLE BABY FISHIES~.en.srt,blndsundoll4mj,1/4/2023,00:01:54,00:01:54,,https://youtu.be/oNy8M6dm59A&t=114,
16 YEARS ON YOUTUBE! (recreating first video w⧸ my daughter) ~KISSIES TO MY LITTLE BABY FISHIES~.en.srt,blndsundoll4mj,1/4/2023,00:01:54,00:01:58,,https://youtu.be/oNy8M6dm59A&t=114,
16 YEARS ON YOUTUBE! (recreating first video w⧸ my daughter) ~KISSIES TO MY LITTLE BABY FISHIES~.en.srt,blndsundoll4mj,1/4/2023,00:01:58,00:01:58,,https://youtu.be/oNy8M6dm59A&t=118,
16 YEARS ON YOUTUBE! (recreating first video w⧸ my daughter) ~KISSIES TO MY LITTLE BABY FISHIES~.en.srt,blndsundoll4mj,1/4/2023,00:01:58,00:01:59,,https://youtu.be/oNy8M6dm59A&t=118,
16 YEARS ON YOUTUBE! (recreating first video w⧸ my daughter) ~KISSIES TO MY LITTLE BABY FISHIES~.en.srt,blndsundoll4mj,1/4/2023,00:01:59,00:01:59,stage you must jump like a candle dance,https://youtu.be/oNy8M6dm59A&t=119,
16 YEARS ON YOUTUBE! (recreating first video w⧸ my daughter) ~KISSIES TO MY LITTLE BABY FISHIES~.en.srt,blndsundoll4mj,1/4/2023,00:01:59,00:02:01,stage you must jump like a candle dance,https://youtu.be/oNy8M6dm59A&t=119,
16 YEARS ON YOUTUBE! (recreating first video w⧸ my daughter) ~KISSIES TO MY LITTLE BABY FISHIES~.en.srt,blndsundoll4mj,1/4/2023,00:02:01,00:02:01,and we should speak at that oh carrying,https://youtu.be/oNy8M6dm59A&t=121,
16 YEARS ON YOUTUBE! (recreating first video w⧸ my daughter) ~KISSIES TO MY LITTLE BABY FISHIES~.en.srt,blndsundoll4mj,1/4/2023,00:02:01,00:02:03,and we should speak at that oh carrying,https://youtu.be/oNy8M6dm59A&t=121,
16 YEARS ON YOUTUBE! (recreating first video w⧸ my daughter) ~KISSIES TO MY LITTLE BABY FISHIES~.en.srt,blndsundoll4mj,1/4/2023,00:02:03,00:02:03,your brain like a poisonous to mushroom,https://youtu.be/oNy8M6dm59A&t=123,
16 YEARS ON YOUTUBE! (recreating first video w⧸ my daughter) ~KISSIES TO MY LITTLE BABY FISHIES~.en.srt,blndsundoll4mj,1/4/2023,00:02:03,00:02:05,your brain like a poisonous to mushroom,https://youtu.be/oNy8M6dm59A&t=123,
16 YEARS ON YOUTUBE! (recreating first video w⧸ my daughter) ~KISSIES TO MY LITTLE BABY FISHIES~.en.srt,blndsundoll4mj,1/4/2023,00:02:05,00:02:05,deadly when I played a dope Melody,https://youtu.be/oNy8M6dm59A&t=125,
16 YEARS ON YOUTUBE! (recreating first video w⧸ my daughter) ~KISSIES TO MY LITTLE BABY FISHIES~.en.srt,blndsundoll4mj,1/4/2023,00:02:05,00:02:07,deadly when I played a dope Melody,https://youtu.be/oNy8M6dm59A&t=125,
16 YEARS ON YOUTUBE! (recreating first video w⧸ my daughter) ~KISSIES TO MY LITTLE BABY FISHIES~.en.srt,blndsundoll4mj,1/4/2023,00:02:07,00:02:07,anything you mess with the best is ever,https://youtu.be/oNy8M6dm59A&t=127,
16 YEARS ON YOUTUBE! (recreating first video w⧸ my daughter) ~KISSIES TO MY LITTLE BABY FISHIES~.en.srt,blndsundoll4mj,1/4/2023,00:02:07,00:02:08,anything you mess with the best is ever,https://youtu.be/oNy8M6dm59A&t=127,
16 YEARS ON YOUTUBE! (recreating first video w⧸ my daughter) ~KISSIES TO MY LITTLE BABY FISHIES~.en.srt,blndsundoll4mj,1/4/2023,00:02:08,00:02:08,you love it or hate it you better gain,https://youtu.be/oNy8M6dm59A&t=128,
16 YEARS ON YOUTUBE! (recreating first video w⧸ my daughter) ~KISSIES TO MY LITTLE BABY FISHIES~.en.srt,blndsundoll4mj,1/4/2023,00:02:08,00:02:10,you love it or hate it you better gain,https://youtu.be/oNy8M6dm59A&t=128,
16 YEARS ON YOUTUBE! (recreating first video w⧸ my daughter) ~KISSIES TO MY LITTLE BABY FISHIES~.en.srt,blndsundoll4mj,1/4/2023,00:02:10,00:02:10,weight your bed head pulls like a kid,https://youtu.be/oNy8M6dm59A&t=130,
16 YEARS ON YOUTUBE! (recreating first video w⧸ my daughter) ~KISSIES TO MY LITTLE BABY FISHIES~.en.srt,blndsundoll4mj,1/4/2023,00:02:10,00:02:13,weight your bed head pulls like a kid,https://youtu.be/oNy8M6dm59A&t=130,
16 YEARS ON YOUTUBE! (recreating first video w⧸ my daughter) ~KISSIES TO MY LITTLE BABY FISHIES~.en.srt,blndsundoll4mj,1/4/2023,00:02:13,00:02:13,,https://youtu.be/oNy8M6dm59A&t=133,
16 YEARS ON YOUTUBE! (recreating first video w⧸ my daughter) ~KISSIES TO MY LITTLE BABY FISHIES~.en.srt,blndsundoll4mj,1/4/2023,00:02:13,00:02:18,,https://youtu.be/oNy8M6dm59A&t=133,
16 YEARS ON YOUTUBE! (recreating first video w⧸ my daughter) ~KISSIES TO MY LITTLE BABY FISHIES~.en.srt,blndsundoll4mj,1/4/2023,00:02:18,00:02:18,Falls in have you got it did you love it,https://youtu.be/oNy8M6dm59A&t=138,
16 YEARS ON YOUTUBE! (recreating first video w⧸ my daughter) ~KISSIES TO MY LITTLE BABY FISHIES~.en.srt,blndsundoll4mj,1/4/2023,00:02:18,00:02:20,Falls in have you got it did you love it,https://youtu.be/oNy8M6dm59A&t=138,
16 YEARS ON YOUTUBE! (recreating first video w⧸ my daughter) ~KISSIES TO MY LITTLE BABY FISHIES~.en.srt,blndsundoll4mj,1/4/2023,00:02:20,00:02:20,did you love it,https://youtu.be/oNy8M6dm59A&t=140,
16 YEARS ON YOUTUBE! (recreating first video w⧸ my daughter) ~KISSIES TO MY LITTLE BABY FISHIES~.en.srt,blndsundoll4mj,1/4/2023,00:02:20,00:02:23,did you love it,https://youtu.be/oNy8M6dm59A&t=140,
16 YEARS ON YOUTUBE! (recreating first video w⧸ my daughter) ~KISSIES TO MY LITTLE BABY FISHIES~.en.srt,blndsundoll4mj,1/4/2023,00:02:23,00:02:23,oh my goodness and there's more to show,https://youtu.be/oNy8M6dm59A&t=143,
16 YEARS ON YOUTUBE! (recreating first video w⧸ my daughter) ~KISSIES TO MY LITTLE BABY FISHIES~.en.srt,blndsundoll4mj,1/4/2023,00:02:23,00:02:24,oh my goodness and there's more to show,https://youtu.be/oNy8M6dm59A&t=143,
16 YEARS ON YOUTUBE! (recreating first video w⧸ my daughter) ~KISSIES TO MY LITTLE BABY FISHIES~.en.srt,blndsundoll4mj,1/4/2023,00:02:24,00:02:24,videos that just popped up did you,https://youtu.be/oNy8M6dm59A&t=144,
16 YEARS ON YOUTUBE! (recreating first video w⧸ my daughter) ~KISSIES TO MY LITTLE BABY FISHIES~.en.srt,blndsundoll4mj,1/4/2023,00:02:24,00:02:26,videos that just popped up did you,https://youtu.be/oNy8M6dm59A&t=144,
16 YEARS ON YOUTUBE! (recreating first video w⧸ my daughter) ~KISSIES TO MY LITTLE BABY FISHIES~.en.srt,blndsundoll4mj,1/4/2023,00:02:26,00:02:26,what'd you think of it,https://youtu.be/oNy8M6dm59A&t=146,
16 YEARS ON YOUTUBE! (recreating first video w⧸ my daughter) ~KISSIES TO MY LITTLE BABY FISHIES~.en.srt,blndsundoll4mj,1/4/2023,00:02:26,00:02:28,what'd you think of it,https://youtu.be/oNy8M6dm59A&t=146,
16 YEARS ON YOUTUBE! (recreating first video w⧸ my daughter) ~KISSIES TO MY LITTLE BABY FISHIES~.en.srt,blndsundoll4mj,1/4/2023,00:02:28,00:02:28,you weren't trying to recreate the first,https://youtu.be/oNy8M6dm59A&t=148,
16 YEARS ON YOUTUBE! (recreating first video w⧸ my daughter) ~KISSIES TO MY LITTLE BABY FISHIES~.en.srt,blndsundoll4mj,1/4/2023,00:02:28,00:02:29,you weren't trying to recreate the first,https://youtu.be/oNy8M6dm59A&t=148,
16 YEARS ON YOUTUBE! (recreating first video w⧸ my daughter) ~KISSIES TO MY LITTLE BABY FISHIES~.en.srt,blndsundoll4mj,1/4/2023,00:02:29,00:02:29,video this will be your first YouTube,https://youtu.be/oNy8M6dm59A&t=149,
16 YEARS ON YOUTUBE! (recreating first video w⧸ my daughter) ~KISSIES TO MY LITTLE BABY FISHIES~.en.srt,blndsundoll4mj,1/4/2023,00:02:29,00:02:31,video this will be your first YouTube,https://youtu.be/oNy8M6dm59A&t=149,
16 YEARS ON YOUTUBE! (recreating first video w⧸ my daughter) ~KISSIES TO MY LITTLE BABY FISHIES~.en.srt,blndsundoll4mj,1/4/2023,00:02:31,00:02:31,video 2023,https://youtu.be/oNy8M6dm59A&t=151,
16 YEARS ON YOUTUBE! (recreating first video w⧸ my daughter) ~KISSIES TO MY LITTLE BABY FISHIES~.en.srt,blndsundoll4mj,1/4/2023,00:02:31,00:02:34,video 2023,https://youtu.be/oNy8M6dm59A&t=151,
16 YEARS ON YOUTUBE! (recreating first video w⧸ my daughter) ~KISSIES TO MY LITTLE BABY FISHIES~.en.srt,blndsundoll4mj,1/4/2023,00:02:34,00:02:34,should we try and recreate it,https://youtu.be/oNy8M6dm59A&t=154,
16 YEARS ON YOUTUBE! (recreating first video w⧸ my daughter) ~KISSIES TO MY LITTLE BABY FISHIES~.en.srt,blndsundoll4mj,1/4/2023,00:02:34,00:02:36,should we try and recreate it,https://youtu.be/oNy8M6dm59A&t=154,
16 YEARS ON YOUTUBE! (recreating first video w⧸ my daughter) ~KISSIES TO MY LITTLE BABY FISHIES~.en.srt,blndsundoll4mj,1/4/2023,00:02:36,00:02:36,all right let's try,https://youtu.be/oNy8M6dm59A&t=156,
16 YEARS ON YOUTUBE! (recreating first video w⧸ my daughter) ~KISSIES TO MY LITTLE BABY FISHIES~.en.srt,blndsundoll4mj,1/4/2023,00:02:36,00:02:42,all right let's try,https://youtu.be/oNy8M6dm59A&t=156,
16 YEARS ON YOUTUBE! (recreating first video w⧸ my daughter) ~KISSIES TO MY LITTLE BABY FISHIES~.en.srt,blndsundoll4mj,1/4/2023,00:02:42,00:02:42,,https://youtu.be/oNy8M6dm59A&t=162,
16 YEARS ON YOUTUBE! (recreating first video w⧸ my daughter) ~KISSIES TO MY LITTLE BABY FISHIES~.en.srt,blndsundoll4mj,1/4/2023,00:02:42,00:02:45,,https://youtu.be/oNy8M6dm59A&t=162,
16 YEARS ON YOUTUBE! (recreating first video w⧸ my daughter) ~KISSIES TO MY LITTLE BABY FISHIES~.en.srt,blndsundoll4mj,1/4/2023,00:02:45,00:02:45,I'm a wrapper,https://youtu.be/oNy8M6dm59A&t=165,
16 YEARS ON YOUTUBE! (recreating first video w⧸ my daughter) ~KISSIES TO MY LITTLE BABY FISHIES~.en.srt,blndsundoll4mj,1/4/2023,00:02:45,00:02:48,I'm a wrapper,https://youtu.be/oNy8M6dm59A&t=165,
16 YEARS ON YOUTUBE! (recreating first video w⧸ my daughter) ~KISSIES TO MY LITTLE BABY FISHIES~.en.srt,blndsundoll4mj,1/4/2023,00:02:48,00:02:48,all right stop glad right and listen ice,https://youtu.be/oNy8M6dm59A&t=168,
16 YEARS ON YOUTUBE! (recreating first video w⧸ my daughter) ~KISSIES TO MY LITTLE BABY FISHIES~.en.srt,blndsundoll4mj,1/4/2023,00:02:48,00:02:49,all right stop glad right and listen ice,https://youtu.be/oNy8M6dm59A&t=168,
16 YEARS ON YOUTUBE! (recreating first video w⧸ my daughter) ~KISSIES TO MY LITTLE BABY FISHIES~.en.srt,blndsundoll4mj,1/4/2023,00:02:49,00:02:49,is back with my brand new invention,https://youtu.be/oNy8M6dm59A&t=169,
16 YEARS ON YOUTUBE! (recreating first video w⧸ my daughter) ~KISSIES TO MY LITTLE BABY FISHIES~.en.srt,blndsundoll4mj,1/4/2023,00:02:49,00:02:52,is back with my brand new invention,https://youtu.be/oNy8M6dm59A&t=169,
16 YEARS ON YOUTUBE! (recreating first video w⧸ my daughter) ~KISSIES TO MY LITTLE BABY FISHIES~.en.srt,blndsundoll4mj,1/4/2023,00:02:52,00:02:52,something grab a hold of me tightly flow,https://youtu.be/oNy8M6dm59A&t=172,
16 YEARS ON YOUTUBE! (recreating first video w⧸ my daughter) ~KISSIES TO MY LITTLE BABY FISHIES~.en.srt,blndsundoll4mj,1/4/2023,00:02:52,00:02:54,something grab a hold of me tightly flow,https://youtu.be/oNy8M6dm59A&t=172,
16 YEARS ON YOUTUBE! (recreating first video w⧸ my daughter) ~KISSIES TO MY LITTLE BABY FISHIES~.en.srt,blndsundoll4mj,1/4/2023,00:02:54,00:02:54,like a harpoon daily and nightly will it,https://youtu.be/oNy8M6dm59A&t=174,
16 YEARS ON YOUTUBE! (recreating first video w⧸ my daughter) ~KISSIES TO MY LITTLE BABY FISHIES~.en.srt,blndsundoll4mj,1/4/2023,00:02:54,00:02:56,like a harpoon daily and nightly will it,https://youtu.be/oNy8M6dm59A&t=174,
16 YEARS ON YOUTUBE! (recreating first video w⧸ my daughter) ~KISSIES TO MY LITTLE BABY FISHIES~.en.srt,blndsundoll4mj,1/4/2023,00:02:56,00:02:56,ever stop yo I don't know turn out the,https://youtu.be/oNy8M6dm59A&t=176,
16 YEARS ON YOUTUBE! (recreating first video w⧸ my daughter) ~KISSIES TO MY LITTLE BABY FISHIES~.en.srt,blndsundoll4mj,1/4/2023,00:02:56,00:02:58,ever stop yo I don't know turn out the,https://youtu.be/oNy8M6dm59A&t=176,
16 YEARS ON YOUTUBE! (recreating first video w⧸ my daughter) ~KISSIES TO MY LITTLE BABY FISHIES~.en.srt,blndsundoll4mj,1/4/2023,00:02:58,00:02:58,lights and I'll glow to the extreme and,https://youtu.be/oNy8M6dm59A&t=178,
16 YEARS ON YOUTUBE! (recreating first video w⧸ my daughter) ~KISSIES TO MY LITTLE BABY FISHIES~.en.srt,blndsundoll4mj,1/4/2023,00:02:58,00:02:59,lights and I'll glow to the extreme and,https://youtu.be/oNy8M6dm59A&t=178,
16 YEARS ON YOUTUBE! (recreating first video w⧸ my daughter) ~KISSIES TO MY LITTLE BABY FISHIES~.en.srt,blndsundoll4mj,1/4/2023,00:02:59,00:02:59,like I might take a van to let it stage,https://youtu.be/oNy8M6dm59A&t=179,
16 YEARS ON YOUTUBE! (recreating first video w⧸ my daughter) ~KISSIES TO MY LITTLE BABY FISHIES~.en.srt,blndsundoll4mj,1/4/2023,00:02:59,00:03:02,like I might take a van to let it stage,https://youtu.be/oNy8M6dm59A&t=179,
16 YEARS ON YOUTUBE! (recreating first video w⧸ my daughter) ~KISSIES TO MY LITTLE BABY FISHIES~.en.srt,blndsundoll4mj,1/4/2023,00:03:02,00:03:02,of my channel dance remember speaking of,https://youtu.be/oNy8M6dm59A&t=182,
16 YEARS ON YOUTUBE! (recreating first video w⧸ my daughter) ~KISSIES TO MY LITTLE BABY FISHIES~.en.srt,blndsundoll4mj,1/4/2023,00:03:02,00:03:04,of my channel dance remember speaking of,https://youtu.be/oNy8M6dm59A&t=182,
16 YEARS ON YOUTUBE! (recreating first video w⧸ my daughter) ~KISSIES TO MY LITTLE BABY FISHIES~.en.srt,blndsundoll4mj,1/4/2023,00:03:04,00:03:04,that boom killing your brain like a,https://youtu.be/oNy8M6dm59A&t=184,
16 YEARS ON YOUTUBE! (recreating first video w⧸ my daughter) ~KISSIES TO MY LITTLE BABY FISHIES~.en.srt,blndsundoll4mj,1/4/2023,00:03:04,00:03:06,that boom killing your brain like a,https://youtu.be/oNy8M6dm59A&t=184,
16 YEARS ON YOUTUBE! (recreating first video w⧸ my daughter) ~KISSIES TO MY LITTLE BABY FISHIES~.en.srt,blndsundoll4mj,1/4/2023,00:03:06,00:03:06,poisonous mushroom deadly when I play a,https://youtu.be/oNy8M6dm59A&t=186,
16 YEARS ON YOUTUBE! (recreating first video w⧸ my daughter) ~KISSIES TO MY LITTLE BABY FISHIES~.en.srt,blndsundoll4mj,1/4/2023,00:03:06,00:03:07,poisonous mushroom deadly when I play a,https://youtu.be/oNy8M6dm59A&t=186,
16 YEARS ON YOUTUBE! (recreating first video w⧸ my daughter) ~KISSIES TO MY LITTLE BABY FISHIES~.en.srt,blndsundoll4mj,1/4/2023,00:03:07,00:03:07,dope Melody anything less than the best,https://youtu.be/oNy8M6dm59A&t=187,
16 YEARS ON YOUTUBE! (recreating first video w⧸ my daughter) ~KISSIES TO MY LITTLE BABY FISHIES~.en.srt,blndsundoll4mj,1/4/2023,00:03:07,00:03:10,dope Melody anything less than the best,https://youtu.be/oNy8M6dm59A&t=187,
16 YEARS ON YOUTUBE! (recreating first video w⧸ my daughter) ~KISSIES TO MY LITTLE BABY FISHIES~.en.srt,blndsundoll4mj,1/4/2023,00:03:10,00:03:10,is following me love it you better gain,https://youtu.be/oNy8M6dm59A&t=190,
16 YEARS ON YOUTUBE! (recreating first video w⧸ my daughter) ~KISSIES TO MY LITTLE BABY FISHIES~.en.srt,blndsundoll4mj,1/4/2023,00:03:10,00:03:11,is following me love it you better gain,https://youtu.be/oNy8M6dm59A&t=190,
16 YEARS ON YOUTUBE! (recreating first video w⧸ my daughter) ~KISSIES TO MY LITTLE BABY FISHIES~.en.srt,blndsundoll4mj,1/4/2023,00:03:11,00:03:11,weight you better hit Bullseye the kid,https://youtu.be/oNy8M6dm59A&t=191,
16 YEARS ON YOUTUBE! (recreating first video w⧸ my daughter) ~KISSIES TO MY LITTLE BABY FISHIES~.en.srt,blndsundoll4mj,1/4/2023,00:03:11,00:03:14,weight you better hit Bullseye the kid,https://youtu.be/oNy8M6dm59A&t=191,
16 YEARS ON YOUTUBE! (recreating first video w⧸ my daughter) ~KISSIES TO MY LITTLE BABY FISHIES~.en.srt,blndsundoll4mj,1/4/2023,00:03:14,00:03:14,don't play if there was a problem,https://youtu.be/oNy8M6dm59A&t=194,
16 YEARS ON YOUTUBE! (recreating first video w⧸ my daughter) ~KISSIES TO MY LITTLE BABY FISHIES~.en.srt,blndsundoll4mj,1/4/2023,00:03:14,00:03:19,don't play if there was a problem,https://youtu.be/oNy8M6dm59A&t=194,
16 YEARS ON YOUTUBE! (recreating first video w⧸ my daughter) ~KISSIES TO MY LITTLE BABY FISHIES~.en.srt,blndsundoll4mj,1/4/2023,00:03:19,00:03:19,,https://youtu.be/oNy8M6dm59A&t=199,
16 YEARS ON YOUTUBE! (recreating first video w⧸ my daughter) ~KISSIES TO MY LITTLE BABY FISHIES~.en.srt,blndsundoll4mj,1/4/2023,00:03:19,00:03:23,,https://youtu.be/oNy8M6dm59A&t=199,
16 YEARS ON YOUTUBE! (recreating first video w⧸ my daughter) ~KISSIES TO MY LITTLE BABY FISHIES~.en.srt,blndsundoll4mj,1/4/2023,00:03:23,00:03:23,,https://youtu.be/oNy8M6dm59A&t=203,
16 YEARS ON YOUTUBE! (recreating first video w⧸ my daughter) ~KISSIES TO MY LITTLE BABY FISHIES~.en.srt,blndsundoll4mj,1/4/2023,00:03:23,00:03:28,,https://youtu.be/oNy8M6dm59A&t=203,
16 YEARS ON YOUTUBE! (recreating first video w⧸ my daughter) ~KISSIES TO MY LITTLE BABY FISHIES~.en.srt,blndsundoll4mj,1/4/2023,00:03:28,00:03:28,you love it 16 years on Youtube yay we,https://youtu.be/oNy8M6dm59A&t=208,
16 YEARS ON YOUTUBE! (recreating first video w⧸ my daughter) ~KISSIES TO MY LITTLE BABY FISHIES~.en.srt,blndsundoll4mj,1/4/2023,00:03:28,00:03:29,you love it 16 years on Youtube yay we,https://youtu.be/oNy8M6dm59A&t=208,
16 YEARS ON YOUTUBE! (recreating first video w⧸ my daughter) ~KISSIES TO MY LITTLE BABY FISHIES~.en.srt,blndsundoll4mj,1/4/2023,00:03:29,00:03:29,did it,https://youtu.be/oNy8M6dm59A&t=209,
16 YEARS ON YOUTUBE! (recreating first video w⧸ my daughter) ~KISSIES TO MY LITTLE BABY FISHIES~.en.srt,blndsundoll4mj,1/4/2023,00:03:29,00:03:31,did it,https://youtu.be/oNy8M6dm59A&t=209,
16 YEARS ON YOUTUBE! (recreating first video w⧸ my daughter) ~KISSIES TO MY LITTLE BABY FISHIES~.en.srt,blndsundoll4mj,1/4/2023,00:03:31,00:03:31,hey should we sing the Happy Birthday,https://youtu.be/oNy8M6dm59A&t=211,
16 YEARS ON YOUTUBE! (recreating first video w⧸ my daughter) ~KISSIES TO MY LITTLE BABY FISHIES~.en.srt,blndsundoll4mj,1/4/2023,00:03:31,00:03:34,hey should we sing the Happy Birthday,https://youtu.be/oNy8M6dm59A&t=211,
16 YEARS ON YOUTUBE! (recreating first video w⧸ my daughter) ~KISSIES TO MY LITTLE BABY FISHIES~.en.srt,blndsundoll4mj,1/4/2023,00:03:34,00:03:34,song in Hebrew,https://youtu.be/oNy8M6dm59A&t=214,
16 YEARS ON YOUTUBE! (recreating first video w⧸ my daughter) ~KISSIES TO MY LITTLE BABY FISHIES~.en.srt,blndsundoll4mj,1/4/2023,00:03:34,00:03:35,song in Hebrew,https://youtu.be/oNy8M6dm59A&t=214,
16 YEARS ON YOUTUBE! (recreating first video w⧸ my daughter) ~KISSIES TO MY LITTLE BABY FISHIES~.en.srt,blndsundoll4mj,1/4/2023,00:03:35,00:03:35,yes,https://youtu.be/oNy8M6dm59A&t=215,
16 YEARS ON YOUTUBE! (recreating first video w⧸ my daughter) ~KISSIES TO MY LITTLE BABY FISHIES~.en.srt,blndsundoll4mj,1/4/2023,00:03:35,00:03:44,yes,https://youtu.be/oNy8M6dm59A&t=215,
16 YEARS ON YOUTUBE! (recreating first video w⧸ my daughter) ~KISSIES TO MY LITTLE BABY FISHIES~.en.srt,blndsundoll4mj,1/4/2023,00:03:44,00:03:44,,https://youtu.be/oNy8M6dm59A&t=224,
16 YEARS ON YOUTUBE! (recreating first video w⧸ my daughter) ~KISSIES TO MY LITTLE BABY FISHIES~.en.srt,blndsundoll4mj,1/4/2023,00:03:44,00:03:52,,https://youtu.be/oNy8M6dm59A&t=224,
16 YEARS ON YOUTUBE! (recreating first video w⧸ my daughter) ~KISSIES TO MY LITTLE BABY FISHIES~.en.srt,blndsundoll4mj,1/4/2023,00:03:52,00:03:52,,https://youtu.be/oNy8M6dm59A&t=232,
16 YEARS ON YOUTUBE! (recreating first video w⧸ my daughter) ~KISSIES TO MY LITTLE BABY FISHIES~.en.srt,blndsundoll4mj,1/4/2023,00:03:52,00:03:54,,https://youtu.be/oNy8M6dm59A&t=232,
16 YEARS ON YOUTUBE! (recreating first video w⧸ my daughter) ~KISSIES TO MY LITTLE BABY FISHIES~.en.srt,blndsundoll4mj,1/4/2023,00:03:54,00:03:54,let it,https://youtu.be/oNy8M6dm59A&t=234,
16 YEARS ON YOUTUBE! (recreating first video w⧸ my daughter) ~KISSIES TO MY LITTLE BABY FISHIES~.en.srt,blndsundoll4mj,1/4/2023,00:03:54,00:03:57,let it,https://youtu.be/oNy8M6dm59A&t=234,
16 YEARS ON YOUTUBE! (recreating first video w⧸ my daughter) ~KISSIES TO MY LITTLE BABY FISHIES~.en.srt,blndsundoll4mj,1/4/2023,00:03:57,00:03:57,,https://youtu.be/oNy8M6dm59A&t=237,
16 YEARS ON YOUTUBE! (recreating first video w⧸ my daughter) ~KISSIES TO MY LITTLE BABY FISHIES~.en.srt,blndsundoll4mj,1/4/2023,00:03:57,00:04:00,,https://youtu.be/oNy8M6dm59A&t=237,
16 YEARS ON YOUTUBE! (recreating first video w⧸ my daughter) ~KISSIES TO MY LITTLE BABY FISHIES~.en.srt,blndsundoll4mj,1/4/2023,00:04:00,00:04:00,we love YouTube no matter how much this,https://youtu.be/oNy8M6dm59A&t=240,
16 YEARS ON YOUTUBE! (recreating first video w⧸ my daughter) ~KISSIES TO MY LITTLE BABY FISHIES~.en.srt,blndsundoll4mj,1/4/2023,00:04:00,00:04:02,we love YouTube no matter how much this,https://youtu.be/oNy8M6dm59A&t=240,
16 YEARS ON YOUTUBE! (recreating first video w⧸ my daughter) ~KISSIES TO MY LITTLE BABY FISHIES~.en.srt,blndsundoll4mj,1/4/2023,00:04:02,00:04:02,YouTube has changed and we had a change,https://youtu.be/oNy8M6dm59A&t=242,
16 YEARS ON YOUTUBE! (recreating first video w⧸ my daughter) ~KISSIES TO MY LITTLE BABY FISHIES~.en.srt,blndsundoll4mj,1/4/2023,00:04:02,00:04:04,YouTube has changed and we had a change,https://youtu.be/oNy8M6dm59A&t=242,
16 YEARS ON YOUTUBE! (recreating first video w⧸ my daughter) ~KISSIES TO MY LITTLE BABY FISHIES~.en.srt,blndsundoll4mj,1/4/2023,00:04:04,00:04:04,with it YouTube is always gonna be my,https://youtu.be/oNy8M6dm59A&t=244,
16 YEARS ON YOUTUBE! (recreating first video w⧸ my daughter) ~KISSIES TO MY LITTLE BABY FISHIES~.en.srt,blndsundoll4mj,1/4/2023,00:04:04,00:04:06,with it YouTube is always gonna be my,https://youtu.be/oNy8M6dm59A&t=244,
16 YEARS ON YOUTUBE! (recreating first video w⧸ my daughter) ~KISSIES TO MY LITTLE BABY FISHIES~.en.srt,blndsundoll4mj,1/4/2023,00:04:06,00:04:06,heart I love it so much like I'll always,https://youtu.be/oNy8M6dm59A&t=246,
16 YEARS ON YOUTUBE! (recreating first video w⧸ my daughter) ~KISSIES TO MY LITTLE BABY FISHIES~.en.srt,blndsundoll4mj,1/4/2023,00:04:06,00:04:07,heart I love it so much like I'll always,https://youtu.be/oNy8M6dm59A&t=246,
16 YEARS ON YOUTUBE! (recreating first video w⧸ my daughter) ~KISSIES TO MY LITTLE BABY FISHIES~.en.srt,blndsundoll4mj,1/4/2023,00:04:07,00:04:07,post on this channel I have no idea,https://youtu.be/oNy8M6dm59A&t=247,
16 YEARS ON YOUTUBE! (recreating first video w⧸ my daughter) ~KISSIES TO MY LITTLE BABY FISHIES~.en.srt,blndsundoll4mj,1/4/2023,00:04:07,00:04:09,post on this channel I have no idea,https://youtu.be/oNy8M6dm59A&t=247,
16 YEARS ON YOUTUBE! (recreating first video w⧸ my daughter) ~KISSIES TO MY LITTLE BABY FISHIES~.en.srt,blndsundoll4mj,1/4/2023,00:04:09,00:04:09,where this channel is going I haven't,https://youtu.be/oNy8M6dm59A&t=249,
16 YEARS ON YOUTUBE! (recreating first video w⧸ my daughter) ~KISSIES TO MY LITTLE BABY FISHIES~.en.srt,blndsundoll4mj,1/4/2023,00:04:09,00:04:10,where this channel is going I haven't,https://youtu.be/oNy8M6dm59A&t=249,
16 YEARS ON YOUTUBE! (recreating first video w⧸ my daughter) ~KISSIES TO MY LITTLE BABY FISHIES~.en.srt,blndsundoll4mj,1/4/2023,00:04:10,00:04:10,for a long time but for those of you,https://youtu.be/oNy8M6dm59A&t=250,
16 YEARS ON YOUTUBE! (recreating first video w⧸ my daughter) ~KISSIES TO MY LITTLE BABY FISHIES~.en.srt,blndsundoll4mj,1/4/2023,00:04:10,00:04:14,for a long time but for those of you,https://youtu.be/oNy8M6dm59A&t=250,
16 YEARS ON YOUTUBE! (recreating first video w⧸ my daughter) ~KISSIES TO MY LITTLE BABY FISHIES~.en.srt,blndsundoll4mj,1/4/2023,00:04:14,00:04:14,here I greatly appreciate you and,https://youtu.be/oNy8M6dm59A&t=254,
16 YEARS ON YOUTUBE! (recreating first video w⧸ my daughter) ~KISSIES TO MY LITTLE BABY FISHIES~.en.srt,blndsundoll4mj,1/4/2023,00:04:14,00:04:15,here I greatly appreciate you and,https://youtu.be/oNy8M6dm59A&t=254,
16 YEARS ON YOUTUBE! (recreating first video w⧸ my daughter) ~KISSIES TO MY LITTLE BABY FISHIES~.en.srt,blndsundoll4mj,1/4/2023,00:04:15,00:04:15,um yeah I've gotten so many blessings,https://youtu.be/oNy8M6dm59A&t=255,
16 YEARS ON YOUTUBE! (recreating first video w⧸ my daughter) ~KISSIES TO MY LITTLE BABY FISHIES~.en.srt,blndsundoll4mj,1/4/2023,00:04:15,00:04:16,um yeah I've gotten so many blessings,https://youtu.be/oNy8M6dm59A&t=255,
16 YEARS ON YOUTUBE! (recreating first video w⧸ my daughter) ~KISSIES TO MY LITTLE BABY FISHIES~.en.srt,blndsundoll4mj,1/4/2023,00:04:16,00:04:16,out of you too,https://youtu.be/oNy8M6dm59A&t=256,
16 YEARS ON YOUTUBE! (recreating first video w⧸ my daughter) ~KISSIES TO MY LITTLE BABY FISHIES~.en.srt,blndsundoll4mj,1/4/2023,00:04:16,00:04:19,out of you too,https://youtu.be/oNy8M6dm59A&t=256,
16 YEARS ON YOUTUBE! (recreating first video w⧸ my daughter) ~KISSIES TO MY LITTLE BABY FISHIES~.en.srt,blndsundoll4mj,1/4/2023,00:04:19,00:04:19,this little this little baby should we,https://youtu.be/oNy8M6dm59A&t=259,
16 YEARS ON YOUTUBE! (recreating first video w⧸ my daughter) ~KISSIES TO MY LITTLE BABY FISHIES~.en.srt,blndsundoll4mj,1/4/2023,00:04:19,00:04:20,this little this little baby should we,https://youtu.be/oNy8M6dm59A&t=259,
16 YEARS ON YOUTUBE! (recreating first video w⧸ my daughter) ~KISSIES TO MY LITTLE BABY FISHIES~.en.srt,blndsundoll4mj,1/4/2023,00:04:20,00:04:20,go see her out is see if he wants to,https://youtu.be/oNy8M6dm59A&t=260,
16 YEARS ON YOUTUBE! (recreating first video w⧸ my daughter) ~KISSIES TO MY LITTLE BABY FISHIES~.en.srt,blndsundoll4mj,1/4/2023,00:04:20,00:04:22,go see her out is see if he wants to,https://youtu.be/oNy8M6dm59A&t=260,
16 YEARS ON YOUTUBE! (recreating first video w⧸ my daughter) ~KISSIES TO MY LITTLE BABY FISHIES~.en.srt,blndsundoll4mj,1/4/2023,00:04:22,00:04:22,come in you're happy,https://youtu.be/oNy8M6dm59A&t=262,
16 YEARS ON YOUTUBE! (recreating first video w⧸ my daughter) ~KISSIES TO MY LITTLE BABY FISHIES~.en.srt,blndsundoll4mj,1/4/2023,00:04:22,00:04:25,come in you're happy,https://youtu.be/oNy8M6dm59A&t=262,
16 YEARS ON YOUTUBE! (recreating first video w⧸ my daughter) ~KISSIES TO MY LITTLE BABY FISHIES~.en.srt,blndsundoll4mj,1/4/2023,00:04:25,00:04:25,thank you last year for making my 15th,https://youtu.be/oNy8M6dm59A&t=265,
16 YEARS ON YOUTUBE! (recreating first video w⧸ my daughter) ~KISSIES TO MY LITTLE BABY FISHIES~.en.srt,blndsundoll4mj,1/4/2023,00:04:25,00:04:27,thank you last year for making my 15th,https://youtu.be/oNy8M6dm59A&t=265,
16 YEARS ON YOUTUBE! (recreating first video w⧸ my daughter) ~KISSIES TO MY LITTLE BABY FISHIES~.en.srt,blndsundoll4mj,1/4/2023,00:04:27,00:04:27,anniversary cake he went to the store,https://youtu.be/oNy8M6dm59A&t=267,
16 YEARS ON YOUTUBE! (recreating first video w⧸ my daughter) ~KISSIES TO MY LITTLE BABY FISHIES~.en.srt,blndsundoll4mj,1/4/2023,00:04:27,00:04:30,anniversary cake he went to the store,https://youtu.be/oNy8M6dm59A&t=267,
16 YEARS ON YOUTUBE! (recreating first video w⧸ my daughter) ~KISSIES TO MY LITTLE BABY FISHIES~.en.srt,blndsundoll4mj,1/4/2023,00:04:30,00:04:30,and he wrote Happy 15 YouTube birthday,https://youtu.be/oNy8M6dm59A&t=270,
16 YEARS ON YOUTUBE! (recreating first video w⧸ my daughter) ~KISSIES TO MY LITTLE BABY FISHIES~.en.srt,blndsundoll4mj,1/4/2023,00:04:30,00:04:32,and he wrote Happy 15 YouTube birthday,https://youtu.be/oNy8M6dm59A&t=270,
16 YEARS ON YOUTUBE! (recreating first video w⧸ my daughter) ~KISSIES TO MY LITTLE BABY FISHIES~.en.srt,blndsundoll4mj,1/4/2023,00:04:32,00:04:32,or something on it and it was the nicest,https://youtu.be/oNy8M6dm59A&t=272,
16 YEARS ON YOUTUBE! (recreating first video w⧸ my daughter) ~KISSIES TO MY LITTLE BABY FISHIES~.en.srt,blndsundoll4mj,1/4/2023,00:04:32,00:04:34,or something on it and it was the nicest,https://youtu.be/oNy8M6dm59A&t=272,
16 YEARS ON YOUTUBE! (recreating first video w⧸ my daughter) ~KISSIES TO MY LITTLE BABY FISHIES~.en.srt,blndsundoll4mj,1/4/2023,00:04:34,00:04:34,thing ever so thank you so much I love,https://youtu.be/oNy8M6dm59A&t=274,
16 YEARS ON YOUTUBE! (recreating first video w⧸ my daughter) ~KISSIES TO MY LITTLE BABY FISHIES~.en.srt,blndsundoll4mj,1/4/2023,00:04:34,00:04:35,thing ever so thank you so much I love,https://youtu.be/oNy8M6dm59A&t=274,
16 YEARS ON YOUTUBE! (recreating first video w⧸ my daughter) ~KISSIES TO MY LITTLE BABY FISHIES~.en.srt,blndsundoll4mj,1/4/2023,00:04:35,00:04:35,you,https://youtu.be/oNy8M6dm59A&t=275,
16 YEARS ON YOUTUBE! (recreating first video w⧸ my daughter) ~KISSIES TO MY LITTLE BABY FISHIES~.en.srt,blndsundoll4mj,1/4/2023,00:04:35,00:04:37,you,https://youtu.be/oNy8M6dm59A&t=275,
16 YEARS ON YOUTUBE! (recreating first video w⧸ my daughter) ~KISSIES TO MY LITTLE BABY FISHIES~.en.srt,blndsundoll4mj,1/4/2023,00:04:37,00:04:37,and thank you for helping me create this,https://youtu.be/oNy8M6dm59A&t=277,
16 YEARS ON YOUTUBE! (recreating first video w⧸ my daughter) ~KISSIES TO MY LITTLE BABY FISHIES~.en.srt,blndsundoll4mj,1/4/2023,00:04:37,00:04:39,and thank you for helping me create this,https://youtu.be/oNy8M6dm59A&t=277,
16 YEARS ON YOUTUBE! (recreating first video w⧸ my daughter) ~KISSIES TO MY LITTLE BABY FISHIES~.en.srt,blndsundoll4mj,1/4/2023,00:04:39,00:04:39,little baby right here,https://youtu.be/oNy8M6dm59A&t=279,
16 YEARS ON YOUTUBE! (recreating first video w⧸ my daughter) ~KISSIES TO MY LITTLE BABY FISHIES~.en.srt,blndsundoll4mj,1/4/2023,00:04:39,00:04:42,little baby right here,https://youtu.be/oNy8M6dm59A&t=279,
16 YEARS ON YOUTUBE! (recreating first video w⧸ my daughter) ~KISSIES TO MY LITTLE BABY FISHIES~.en.srt,blndsundoll4mj,1/4/2023,00:04:42,00:04:42,she's just chilling later do you know,https://youtu.be/oNy8M6dm59A&t=282,
16 YEARS ON YOUTUBE! (recreating first video w⧸ my daughter) ~KISSIES TO MY LITTLE BABY FISHIES~.en.srt,blndsundoll4mj,1/4/2023,00:04:42,00:04:44,she's just chilling later do you know,https://youtu.be/oNy8M6dm59A&t=282,
16 YEARS ON YOUTUBE! (recreating first video w⧸ my daughter) ~KISSIES TO MY LITTLE BABY FISHIES~.en.srt,blndsundoll4mj,1/4/2023,00:04:44,00:04:44,Ice Ice Baby,https://youtu.be/oNy8M6dm59A&t=284,
16 YEARS ON YOUTUBE! (recreating first video w⧸ my daughter) ~KISSIES TO MY LITTLE BABY FISHIES~.en.srt,blndsundoll4mj,1/4/2023,00:04:44,00:04:45,Ice Ice Baby,https://youtu.be/oNy8M6dm59A&t=284,
16 YEARS ON YOUTUBE! (recreating first video w⧸ my daughter) ~KISSIES TO MY LITTLE BABY FISHIES~.en.srt,blndsundoll4mj,1/4/2023,00:04:45,00:04:45,yes I,https://youtu.be/oNy8M6dm59A&t=285,
16 YEARS ON YOUTUBE! (recreating first video w⧸ my daughter) ~KISSIES TO MY LITTLE BABY FISHIES~.en.srt,blndsundoll4mj,1/4/2023,00:04:45,00:04:53,yes I,https://youtu.be/oNy8M6dm59A&t=285,
16 YEARS ON YOUTUBE! (recreating first video w⧸ my daughter) ~KISSIES TO MY LITTLE BABY FISHIES~.en.srt,blndsundoll4mj,1/4/2023,00:04:53,00:04:53,,https://youtu.be/oNy8M6dm59A&t=293,
16 YEARS ON YOUTUBE! (recreating first video w⧸ my daughter) ~KISSIES TO MY LITTLE BABY FISHIES~.en.srt,blndsundoll4mj,1/4/2023,00:04:53,00:04:55,,https://youtu.be/oNy8M6dm59A&t=293,
16 YEARS ON YOUTUBE! (recreating first video w⧸ my daughter) ~KISSIES TO MY LITTLE BABY FISHIES~.en.srt,blndsundoll4mj,1/4/2023,00:04:55,00:04:55,yeah all right let's do one more time,https://youtu.be/oNy8M6dm59A&t=295,
16 YEARS ON YOUTUBE! (recreating first video w⧸ my daughter) ~KISSIES TO MY LITTLE BABY FISHIES~.en.srt,blndsundoll4mj,1/4/2023,00:04:55,00:05:00,yeah all right let's do one more time,https://youtu.be/oNy8M6dm59A&t=295,
16 YEARS ON YOUTUBE! (recreating first video w⧸ my daughter) ~KISSIES TO MY LITTLE BABY FISHIES~.en.srt,blndsundoll4mj,1/4/2023,00:05:00,00:05:00,,https://youtu.be/oNy8M6dm59A&t=300,
16 YEARS ON YOUTUBE! (recreating first video w⧸ my daughter) ~KISSIES TO MY LITTLE BABY FISHIES~.en.srt,blndsundoll4mj,1/4/2023,00:05:00,00:05:02,,https://youtu.be/oNy8M6dm59A&t=300,
16 YEARS ON YOUTUBE! (recreating first video w⧸ my daughter) ~KISSIES TO MY LITTLE BABY FISHIES~.en.srt,blndsundoll4mj,1/4/2023,00:05:02,00:05:02,oh where are you going all the way in,https://youtu.be/oNy8M6dm59A&t=302,
16 YEARS ON YOUTUBE! (recreating first video w⧸ my daughter) ~KISSIES TO MY LITTLE BABY FISHIES~.en.srt,blndsundoll4mj,1/4/2023,00:05:02,00:05:04,oh where are you going all the way in,https://youtu.be/oNy8M6dm59A&t=302,
16 YEARS ON YOUTUBE! (recreating first video w⧸ my daughter) ~KISSIES TO MY LITTLE BABY FISHIES~.en.srt,blndsundoll4mj,1/4/2023,00:05:04,00:05:04,,https://youtu.be/oNy8M6dm59A&t=304,
16 YEARS ON YOUTUBE! (recreating first video w⧸ my daughter) ~KISSIES TO MY LITTLE BABY FISHIES~.en.srt,blndsundoll4mj,1/4/2023,00:05:04,00:05:06,,https://youtu.be/oNy8M6dm59A&t=304,
16 YEARS ON YOUTUBE! (recreating first video w⧸ my daughter) ~KISSIES TO MY LITTLE BABY FISHIES~.en.srt,blndsundoll4mj,1/4/2023,00:05:06,00:05:06,Isis back with my brand new invention,https://youtu.be/oNy8M6dm59A&t=306,
16 YEARS ON YOUTUBE! (recreating first video w⧸ my daughter) ~KISSIES TO MY LITTLE BABY FISHIES~.en.srt,blndsundoll4mj,1/4/2023,00:05:06,00:05:09,Isis back with my brand new invention,https://youtu.be/oNy8M6dm59A&t=306,
16 YEARS ON YOUTUBE! (recreating first video w⧸ my daughter) ~KISSIES TO MY LITTLE BABY FISHIES~.en.srt,blndsundoll4mj,1/4/2023,00:05:09,00:05:09,something grab a hold of me tightly flow,https://youtu.be/oNy8M6dm59A&t=309,
16 YEARS ON YOUTUBE! (recreating first video w⧸ my daughter) ~KISSIES TO MY LITTLE BABY FISHIES~.en.srt,blndsundoll4mj,1/4/2023,00:05:09,00:05:11,something grab a hold of me tightly flow,https://youtu.be/oNy8M6dm59A&t=309,
16 YEARS ON YOUTUBE! (recreating first video w⧸ my daughter) ~KISSIES TO MY LITTLE BABY FISHIES~.en.srt,blndsundoll4mj,1/4/2023,00:05:11,00:05:11,like a hot wound daily at night,https://youtu.be/oNy8M6dm59A&t=311,
16 YEARS ON YOUTUBE! (recreating first video w⧸ my daughter) ~KISSIES TO MY LITTLE BABY FISHIES~.en.srt,blndsundoll4mj,1/4/2023,00:05:11,00:05:14,like a hot wound daily at night,https://youtu.be/oNy8M6dm59A&t=311,
16 YEARS ON YOUTUBE! (recreating first video w⧸ my daughter) ~KISSIES TO MY LITTLE BABY FISHIES~.en.srt,blndsundoll4mj,1/4/2023,00:05:14,00:05:14,I don't know to turn up the lights and I,https://youtu.be/oNy8M6dm59A&t=314,
16 YEARS ON YOUTUBE! (recreating first video w⧸ my daughter) ~KISSIES TO MY LITTLE BABY FISHIES~.en.srt,blndsundoll4mj,1/4/2023,00:05:14,00:05:16,I don't know to turn up the lights and I,https://youtu.be/oNy8M6dm59A&t=314,
16 YEARS ON YOUTUBE! (recreating first video w⧸ my daughter) ~KISSIES TO MY LITTLE BABY FISHIES~.en.srt,blndsundoll4mj,1/4/2023,00:05:16,00:05:16,glow to the extreme Rebecca mic like a,https://youtu.be/oNy8M6dm59A&t=316,
16 YEARS ON YOUTUBE! (recreating first video w⧸ my daughter) ~KISSIES TO MY LITTLE BABY FISHIES~.en.srt,blndsundoll4mj,1/4/2023,00:05:16,00:05:17,glow to the extreme Rebecca mic like a,https://youtu.be/oNy8M6dm59A&t=316,
16 YEARS ON YOUTUBE! (recreating first video w⧸ my daughter) ~KISSIES TO MY LITTLE BABY FISHIES~.en.srt,blndsundoll4mj,1/4/2023,00:05:17,00:05:17,video,https://youtu.be/oNy8M6dm59A&t=317,
16 YEARS ON YOUTUBE! (recreating first video w⧸ my daughter) ~KISSIES TO MY LITTLE BABY FISHIES~.en.srt,blndsundoll4mj,1/4/2023,00:05:17,00:05:20,video,https://youtu.be/oNy8M6dm59A&t=317,
16 YEARS ON YOUTUBE! (recreating first video w⧸ my daughter) ~KISSIES TO MY LITTLE BABY FISHIES~.en.srt,blndsundoll4mj,1/4/2023,00:05:20,00:05:20,dance,https://youtu.be/oNy8M6dm59A&t=320,
16 YEARS ON YOUTUBE! (recreating first video w⧸ my daughter) ~KISSIES TO MY LITTLE BABY FISHIES~.en.srt,blndsundoll4mj,1/4/2023,00:05:20,00:05:23,dance,https://youtu.be/oNy8M6dm59A&t=320,
16 YEARS ON YOUTUBE! (recreating first video w⧸ my daughter) ~KISSIES TO MY LITTLE BABY FISHIES~.en.srt,blndsundoll4mj,1/4/2023,00:05:23,00:05:23,like a poisonous mushroom deadly and I,https://youtu.be/oNy8M6dm59A&t=323,
16 YEARS ON YOUTUBE! (recreating first video w⧸ my daughter) ~KISSIES TO MY LITTLE BABY FISHIES~.en.srt,blndsundoll4mj,1/4/2023,00:05:23,00:05:25,like a poisonous mushroom deadly and I,https://youtu.be/oNy8M6dm59A&t=323,
16 YEARS ON YOUTUBE! (recreating first video w⧸ my daughter) ~KISSIES TO MY LITTLE BABY FISHIES~.en.srt,blndsundoll4mj,1/4/2023,00:05:25,00:05:25,played a Melody editing less than the,https://youtu.be/oNy8M6dm59A&t=325,
16 YEARS ON YOUTUBE! (recreating first video w⧸ my daughter) ~KISSIES TO MY LITTLE BABY FISHIES~.en.srt,blndsundoll4mj,1/4/2023,00:05:25,00:05:33,played a Melody editing less than the,https://youtu.be/oNy8M6dm59A&t=325,
16 YEARS ON YOUTUBE! (recreating first video w⧸ my daughter) ~KISSIES TO MY LITTLE BABY FISHIES~.en.srt,blndsundoll4mj,1/4/2023,00:05:33,00:05:33,,https://youtu.be/oNy8M6dm59A&t=333,
16 YEARS ON YOUTUBE! (recreating first video w⧸ my daughter) ~KISSIES TO MY LITTLE BABY FISHIES~.en.srt,blndsundoll4mj,1/4/2023,00:05:33,00:05:38,,https://youtu.be/oNy8M6dm59A&t=333,
16 YEARS ON YOUTUBE! (recreating first video w⧸ my daughter) ~KISSIES TO MY LITTLE BABY FISHIES~.en.srt,blndsundoll4mj,1/4/2023,00:05:38,00:05:38,,https://youtu.be/oNy8M6dm59A&t=338,
16 YEARS ON YOUTUBE! (recreating first video w⧸ my daughter) ~KISSIES TO MY LITTLE BABY FISHIES~.en.srt,blndsundoll4mj,1/4/2023,00:05:38,00:05:40,,https://youtu.be/oNy8M6dm59A&t=338,
16 YEARS ON YOUTUBE! (recreating first video w⧸ my daughter) ~KISSIES TO MY LITTLE BABY FISHIES~.en.srt,blndsundoll4mj,1/4/2023,00:05:40,00:05:40,that's a good one,https://youtu.be/oNy8M6dm59A&t=340,
16 YEARS ON YOUTUBE! (recreating first video w⧸ my daughter) ~KISSIES TO MY LITTLE BABY FISHIES~.en.srt,blndsundoll4mj,1/4/2023,00:05:40,00:05:48,that's a good one,https://youtu.be/oNy8M6dm59A&t=340,
16 YEARS ON YOUTUBE! (recreating first video w⧸ my daughter) ~KISSIES TO MY LITTLE BABY FISHIES~.en.srt,blndsundoll4mj,1/4/2023,00:05:48,00:05:48,,https://youtu.be/oNy8M6dm59A&t=348,
16 YEARS ON YOUTUBE! (recreating first video w⧸ my daughter) ~KISSIES TO MY LITTLE BABY FISHIES~.en.srt,blndsundoll4mj,1/4/2023,00:05:48,00:05:50,,https://youtu.be/oNy8M6dm59A&t=348,
16 YEARS ON YOUTUBE! (recreating first video w⧸ my daughter) ~KISSIES TO MY LITTLE BABY FISHIES~.en.srt,blndsundoll4mj,1/4/2023,00:05:50,00:05:51,oh man today was probably the first time,https://youtu.be/oNy8M6dm59A&t=350,
16 YEARS ON YOUTUBE! (recreating first video w⧸ my daughter) ~KISSIES TO MY LITTLE BABY FISHIES~.en.srt,blndsundoll4mj,1/4/2023,00:05:51,00:05:53,oh man today was probably the first time,https://youtu.be/oNy8M6dm59A&t=351,
16 YEARS ON YOUTUBE! (recreating first video w⧸ my daughter) ~KISSIES TO MY LITTLE BABY FISHIES~.en.srt,blndsundoll4mj,1/4/2023,00:05:53,00:05:53,she like Giggles yeah she's been like,https://youtu.be/oNy8M6dm59A&t=353,
16 YEARS ON YOUTUBE! (recreating first video w⧸ my daughter) ~KISSIES TO MY LITTLE BABY FISHIES~.en.srt,blndsundoll4mj,1/4/2023,00:05:53,00:05:54,she like Giggles yeah she's been like,https://youtu.be/oNy8M6dm59A&t=353,
16 YEARS ON YOUTUBE! (recreating first video w⧸ my daughter) ~KISSIES TO MY LITTLE BABY FISHIES~.en.srt,blndsundoll4mj,1/4/2023,00:05:54,00:05:54,she kind of getting tired of course she,https://youtu.be/oNy8M6dm59A&t=354,
16 YEARS ON YOUTUBE! (recreating first video w⧸ my daughter) ~KISSIES TO MY LITTLE BABY FISHIES~.en.srt,blndsundoll4mj,1/4/2023,00:05:54,00:05:58,she kind of getting tired of course she,https://youtu.be/oNy8M6dm59A&t=354,
16 YEARS ON YOUTUBE! (recreating first video w⧸ my daughter) ~KISSIES TO MY LITTLE BABY FISHIES~.en.srt,blndsundoll4mj,1/4/2023,00:05:58,00:05:58,,https://youtu.be/oNy8M6dm59A&t=358,
16 YEARS ON YOUTUBE! (recreating first video w⧸ my daughter) ~KISSIES TO MY LITTLE BABY FISHIES~.en.srt,blndsundoll4mj,1/4/2023,00:05:58,00:06:01,,https://youtu.be/oNy8M6dm59A&t=358,
16 YEARS ON YOUTUBE! (recreating first video w⧸ my daughter) ~KISSIES TO MY LITTLE BABY FISHIES~.en.srt,blndsundoll4mj,1/4/2023,00:06:01,00:06:01,,https://youtu.be/oNy8M6dm59A&t=361,
16 YEARS ON YOUTUBE! (recreating first video w⧸ my daughter) ~KISSIES TO MY LITTLE BABY FISHIES~.en.srt,blndsundoll4mj,1/4/2023,00:06:01,00:06:03,,https://youtu.be/oNy8M6dm59A&t=361,
16 YEARS ON YOUTUBE! (recreating first video w⧸ my daughter) ~KISSIES TO MY LITTLE BABY FISHIES~.en.srt,blndsundoll4mj,1/4/2023,00:06:03,00:06:03,anyways this is the best way to spend,https://youtu.be/oNy8M6dm59A&t=363,
16 YEARS ON YOUTUBE! (recreating first video w⧸ my daughter) ~KISSIES TO MY LITTLE BABY FISHIES~.en.srt,blndsundoll4mj,1/4/2023,00:06:03,00:06:06,anyways this is the best way to spend,https://youtu.be/oNy8M6dm59A&t=363,
16 YEARS ON YOUTUBE! (recreating first video w⧸ my daughter) ~KISSIES TO MY LITTLE BABY FISHIES~.en.srt,blndsundoll4mj,1/4/2023,00:06:06,00:06:06,the 16th birthday on YouTube I never,https://youtu.be/oNy8M6dm59A&t=366,
16 YEARS ON YOUTUBE! (recreating first video w⧸ my daughter) ~KISSIES TO MY LITTLE BABY FISHIES~.en.srt,blndsundoll4mj,1/4/2023,00:06:06,00:06:07,the 16th birthday on YouTube I never,https://youtu.be/oNy8M6dm59A&t=366,
16 YEARS ON YOUTUBE! (recreating first video w⧸ my daughter) ~KISSIES TO MY LITTLE BABY FISHIES~.en.srt,blndsundoll4mj,1/4/2023,00:06:07,00:06:07,would have thought this girl in that,https://youtu.be/oNy8M6dm59A&t=367,
16 YEARS ON YOUTUBE! (recreating first video w⧸ my daughter) ~KISSIES TO MY LITTLE BABY FISHIES~.en.srt,blndsundoll4mj,1/4/2023,00:06:07,00:06:10,would have thought this girl in that,https://youtu.be/oNy8M6dm59A&t=367,
16 YEARS ON YOUTUBE! (recreating first video w⧸ my daughter) ~KISSIES TO MY LITTLE BABY FISHIES~.en.srt,blndsundoll4mj,1/4/2023,00:06:10,00:06:10,apartment would become this and I'm so,https://youtu.be/oNy8M6dm59A&t=370,
16 YEARS ON YOUTUBE! (recreating first video w⧸ my daughter) ~KISSIES TO MY LITTLE BABY FISHIES~.en.srt,blndsundoll4mj,1/4/2023,00:06:10,00:06:14,apartment would become this and I'm so,https://youtu.be/oNy8M6dm59A&t=370,
16 YEARS ON YOUTUBE! (recreating first video w⧸ my daughter) ~KISSIES TO MY LITTLE BABY FISHIES~.en.srt,blndsundoll4mj,1/4/2023,00:06:14,00:06:14,happy so blessed so thankful so grateful,https://youtu.be/oNy8M6dm59A&t=374,
16 YEARS ON YOUTUBE! (recreating first video w⧸ my daughter) ~KISSIES TO MY LITTLE BABY FISHIES~.en.srt,blndsundoll4mj,1/4/2023,00:06:14,00:06:17,happy so blessed so thankful so grateful,https://youtu.be/oNy8M6dm59A&t=374,
16 YEARS ON YOUTUBE! (recreating first video w⧸ my daughter) ~KISSIES TO MY LITTLE BABY FISHIES~.en.srt,blndsundoll4mj,1/4/2023,00:06:17,00:06:17,I got me and Moses in the Malibu thank,https://youtu.be/oNy8M6dm59A&t=377,
16 YEARS ON YOUTUBE! (recreating first video w⧸ my daughter) ~KISSIES TO MY LITTLE BABY FISHIES~.en.srt,blndsundoll4mj,1/4/2023,00:06:17,00:06:20,I got me and Moses in the Malibu thank,https://youtu.be/oNy8M6dm59A&t=377,
16 YEARS ON YOUTUBE! (recreating first video w⧸ my daughter) ~KISSIES TO MY LITTLE BABY FISHIES~.en.srt,blndsundoll4mj,1/4/2023,00:06:20,00:06:20,you how did you feel it and yeah thank,https://youtu.be/oNy8M6dm59A&t=380,
16 YEARS ON YOUTUBE! (recreating first video w⧸ my daughter) ~KISSIES TO MY LITTLE BABY FISHIES~.en.srt,blndsundoll4mj,1/4/2023,00:06:20,00:06:22,you how did you feel it and yeah thank,https://youtu.be/oNy8M6dm59A&t=380,
16 YEARS ON YOUTUBE! (recreating first video w⧸ my daughter) ~KISSIES TO MY LITTLE BABY FISHIES~.en.srt,blndsundoll4mj,1/4/2023,00:06:22,00:06:22,you guys for being with us on YouTube,https://youtu.be/oNy8M6dm59A&t=382,
16 YEARS ON YOUTUBE! (recreating first video w⧸ my daughter) ~KISSIES TO MY LITTLE BABY FISHIES~.en.srt,blndsundoll4mj,1/4/2023,00:06:22,00:06:24,you guys for being with us on YouTube,https://youtu.be/oNy8M6dm59A&t=382,
16 YEARS ON YOUTUBE! (recreating first video w⧸ my daughter) ~KISSIES TO MY LITTLE BABY FISHIES~.en.srt,blndsundoll4mj,1/4/2023,00:06:24,00:06:24,for so long literally seeing the birth,https://youtu.be/oNy8M6dm59A&t=384,
16 YEARS ON YOUTUBE! (recreating first video w⧸ my daughter) ~KISSIES TO MY LITTLE BABY FISHIES~.en.srt,blndsundoll4mj,1/4/2023,00:06:24,00:06:26,for so long literally seeing the birth,https://youtu.be/oNy8M6dm59A&t=384,
16 YEARS ON YOUTUBE! (recreating first video w⧸ my daughter) ~KISSIES TO MY LITTLE BABY FISHIES~.en.srt,blndsundoll4mj,1/4/2023,00:06:26,00:06:26,of this one right here like first my,https://youtu.be/oNy8M6dm59A&t=386,
16 YEARS ON YOUTUBE! (recreating first video w⧸ my daughter) ~KISSIES TO MY LITTLE BABY FISHIES~.en.srt,blndsundoll4mj,1/4/2023,00:06:26,00:06:29,of this one right here like first my,https://youtu.be/oNy8M6dm59A&t=386,
16 YEARS ON YOUTUBE! (recreating first video w⧸ my daughter) ~KISSIES TO MY LITTLE BABY FISHIES~.en.srt,blndsundoll4mj,1/4/2023,00:06:29,00:06:29,first year first year our first mukbang,https://youtu.be/oNy8M6dm59A&t=389,
16 YEARS ON YOUTUBE! (recreating first video w⧸ my daughter) ~KISSIES TO MY LITTLE BABY FISHIES~.en.srt,blndsundoll4mj,1/4/2023,00:06:29,00:06:32,first year first year our first mukbang,https://youtu.be/oNy8M6dm59A&t=389,
16 YEARS ON YOUTUBE! (recreating first video w⧸ my daughter) ~KISSIES TO MY LITTLE BABY FISHIES~.en.srt,blndsundoll4mj,1/4/2023,00:06:32,00:06:32,together and for our wedding it's really,https://youtu.be/oNy8M6dm59A&t=392,
16 YEARS ON YOUTUBE! (recreating first video w⧸ my daughter) ~KISSIES TO MY LITTLE BABY FISHIES~.en.srt,blndsundoll4mj,1/4/2023,00:06:32,00:06:35,together and for our wedding it's really,https://youtu.be/oNy8M6dm59A&t=392,
16 YEARS ON YOUTUBE! (recreating first video w⧸ my daughter) ~KISSIES TO MY LITTLE BABY FISHIES~.en.srt,blndsundoll4mj,1/4/2023,00:06:35,00:06:35,like 2016.,https://youtu.be/oNy8M6dm59A&t=395,
16 YEARS ON YOUTUBE! (recreating first video w⧸ my daughter) ~KISSIES TO MY LITTLE BABY FISHIES~.en.srt,blndsundoll4mj,1/4/2023,00:06:35,00:06:36,like 2016.,https://youtu.be/oNy8M6dm59A&t=395,
16 YEARS ON YOUTUBE! (recreating first video w⧸ my daughter) ~KISSIES TO MY LITTLE BABY FISHIES~.en.srt,blndsundoll4mj,1/4/2023,00:06:36,00:06:36,[Music],https://youtu.be/oNy8M6dm59A&t=396,
16 YEARS ON YOUTUBE! (recreating first video w⧸ my daughter) ~KISSIES TO MY LITTLE BABY FISHIES~.en.srt,blndsundoll4mj,1/4/2023,00:06:36,00:06:40,[Music],https://youtu.be/oNy8M6dm59A&t=396,
16 YEARS ON YOUTUBE! (recreating first video w⧸ my daughter) ~KISSIES TO MY LITTLE BABY FISHIES~.en.srt,blndsundoll4mj,1/4/2023,00:06:40,00:06:40,sweet 16 gonna spread my wings you,https://youtu.be/oNy8M6dm59A&t=400,
16 YEARS ON YOUTUBE! (recreating first video w⧸ my daughter) ~KISSIES TO MY LITTLE BABY FISHIES~.en.srt,blndsundoll4mj,1/4/2023,00:06:40,00:06:41,sweet 16 gonna spread my wings you,https://youtu.be/oNy8M6dm59A&t=400,
16 YEARS ON YOUTUBE! (recreating first video w⧸ my daughter) ~KISSIES TO MY LITTLE BABY FISHIES~.en.srt,blndsundoll4mj,1/4/2023,00:06:41,00:06:41,remember that show I showed you on MTV,https://youtu.be/oNy8M6dm59A&t=401,
16 YEARS ON YOUTUBE! (recreating first video w⧸ my daughter) ~KISSIES TO MY LITTLE BABY FISHIES~.en.srt,blndsundoll4mj,1/4/2023,00:06:41,00:06:43,remember that show I showed you on MTV,https://youtu.be/oNy8M6dm59A&t=401,
16 YEARS ON YOUTUBE! (recreating first video w⧸ my daughter) ~KISSIES TO MY LITTLE BABY FISHIES~.en.srt,blndsundoll4mj,1/4/2023,00:06:43,00:06:43,with spoiled girls look at the card,https://youtu.be/oNy8M6dm59A&t=403,
16 YEARS ON YOUTUBE! (recreating first video w⧸ my daughter) ~KISSIES TO MY LITTLE BABY FISHIES~.en.srt,blndsundoll4mj,1/4/2023,00:06:43,00:06:45,with spoiled girls look at the card,https://youtu.be/oNy8M6dm59A&t=403,
16 YEARS ON YOUTUBE! (recreating first video w⧸ my daughter) ~KISSIES TO MY LITTLE BABY FISHIES~.en.srt,blndsundoll4mj,1/4/2023,00:06:45,00:06:45,that's called sweet 16.,https://youtu.be/oNy8M6dm59A&t=405,
16 YEARS ON YOUTUBE! (recreating first video w⧸ my daughter) ~KISSIES TO MY LITTLE BABY FISHIES~.en.srt,blndsundoll4mj,1/4/2023,00:06:45,00:06:48,that's called sweet 16.,https://youtu.be/oNy8M6dm59A&t=405,
16 YEARS ON YOUTUBE! (recreating first video w⧸ my daughter) ~KISSIES TO MY LITTLE BABY FISHIES~.en.srt,blndsundoll4mj,1/4/2023,00:06:48,00:06:48,sweet 16.,https://youtu.be/oNy8M6dm59A&t=408,
16 YEARS ON YOUTUBE! (recreating first video w⧸ my daughter) ~KISSIES TO MY LITTLE BABY FISHIES~.en.srt,blndsundoll4mj,1/4/2023,00:06:48,00:06:53,sweet 16.,https://youtu.be/oNy8M6dm59A&t=408,
16 YEARS ON YOUTUBE! (recreating first video w⧸ my daughter) ~KISSIES TO MY LITTLE BABY FISHIES~.en.srt,blndsundoll4mj,1/4/2023,00:06:53,00:06:53,there's a little baby what are you up to,https://youtu.be/oNy8M6dm59A&t=413,
16 YEARS ON YOUTUBE! (recreating first video w⧸ my daughter) ~KISSIES TO MY LITTLE BABY FISHIES~.en.srt,blndsundoll4mj,1/4/2023,00:06:53,00:06:55,there's a little baby what are you up to,https://youtu.be/oNy8M6dm59A&t=413,
16 YEARS ON YOUTUBE! (recreating first video w⧸ my daughter) ~KISSIES TO MY LITTLE BABY FISHIES~.en.srt,blndsundoll4mj,1/4/2023,00:06:55,00:06:55,what,https://youtu.be/oNy8M6dm59A&t=415,
16 YEARS ON YOUTUBE! (recreating first video w⧸ my daughter) ~KISSIES TO MY LITTLE BABY FISHIES~.en.srt,blndsundoll4mj,1/4/2023,00:06:55,00:06:57,what,https://youtu.be/oNy8M6dm59A&t=415,
16 YEARS ON YOUTUBE! (recreating first video w⧸ my daughter) ~KISSIES TO MY LITTLE BABY FISHIES~.en.srt,blndsundoll4mj,1/4/2023,00:06:57,00:06:57,I love social media I guess she likes,https://youtu.be/oNy8M6dm59A&t=417,
16 YEARS ON YOUTUBE! (recreating first video w⧸ my daughter) ~KISSIES TO MY LITTLE BABY FISHIES~.en.srt,blndsundoll4mj,1/4/2023,00:06:57,00:06:58,I love social media I guess she likes,https://youtu.be/oNy8M6dm59A&t=417,
16 YEARS ON YOUTUBE! (recreating first video w⧸ my daughter) ~KISSIES TO MY LITTLE BABY FISHIES~.en.srt,blndsundoll4mj,1/4/2023,00:06:58,00:06:58,you singing I'm dancing I guess that's,https://youtu.be/oNy8M6dm59A&t=418,
16 YEARS ON YOUTUBE! (recreating first video w⧸ my daughter) ~KISSIES TO MY LITTLE BABY FISHIES~.en.srt,blndsundoll4mj,1/4/2023,00:06:58,00:07:00,you singing I'm dancing I guess that's,https://youtu.be/oNy8M6dm59A&t=418,
16 YEARS ON YOUTUBE! (recreating first video w⧸ my daughter) ~KISSIES TO MY LITTLE BABY FISHIES~.en.srt,blndsundoll4mj,1/4/2023,00:07:00,00:07:00,because she loves dating your dancing,https://youtu.be/oNy8M6dm59A&t=420,
16 YEARS ON YOUTUBE! (recreating first video w⧸ my daughter) ~KISSIES TO MY LITTLE BABY FISHIES~.en.srt,blndsundoll4mj,1/4/2023,00:07:00,00:07:04,because she loves dating your dancing,https://youtu.be/oNy8M6dm59A&t=420,
16 YEARS ON YOUTUBE! (recreating first video w⧸ my daughter) ~KISSIES TO MY LITTLE BABY FISHIES~.en.srt,blndsundoll4mj,1/4/2023,00:07:04,00:07:04,,https://youtu.be/oNy8M6dm59A&t=424,
16 YEARS ON YOUTUBE! (recreating first video w⧸ my daughter) ~KISSIES TO MY LITTLE BABY FISHIES~.en.srt,blndsundoll4mj,1/4/2023,00:07:04,00:07:06,,https://youtu.be/oNy8M6dm59A&t=424,
16 YEARS ON YOUTUBE! (recreating first video w⧸ my daughter) ~KISSIES TO MY LITTLE BABY FISHIES~.en.srt,blndsundoll4mj,1/4/2023,00:07:06,00:07:06,um but anyways that was a recreation the,https://youtu.be/oNy8M6dm59A&t=426,
16 YEARS ON YOUTUBE! (recreating first video w⧸ my daughter) ~KISSIES TO MY LITTLE BABY FISHIES~.en.srt,blndsundoll4mj,1/4/2023,00:07:06,00:07:07,um but anyways that was a recreation the,https://youtu.be/oNy8M6dm59A&t=426,
16 YEARS ON YOUTUBE! (recreating first video w⧸ my daughter) ~KISSIES TO MY LITTLE BABY FISHIES~.en.srt,blndsundoll4mj,1/4/2023,00:07:07,00:07:07,first one if you guys want to see my,https://youtu.be/oNy8M6dm59A&t=427,
16 YEARS ON YOUTUBE! (recreating first video w⧸ my daughter) ~KISSIES TO MY LITTLE BABY FISHIES~.en.srt,blndsundoll4mj,1/4/2023,00:07:07,00:07:10,first one if you guys want to see my,https://youtu.be/oNy8M6dm59A&t=427,
16 YEARS ON YOUTUBE! (recreating first video w⧸ my daughter) ~KISSIES TO MY LITTLE BABY FISHIES~.en.srt,blndsundoll4mj,1/4/2023,00:07:10,00:07:10,first video I'll link it below and yeah,https://youtu.be/oNy8M6dm59A&t=430,
16 YEARS ON YOUTUBE! (recreating first video w⧸ my daughter) ~KISSIES TO MY LITTLE BABY FISHIES~.en.srt,blndsundoll4mj,1/4/2023,00:07:10,00:07:14,first video I'll link it below and yeah,https://youtu.be/oNy8M6dm59A&t=430,
16 YEARS ON YOUTUBE! (recreating first video w⧸ my daughter) ~KISSIES TO MY LITTLE BABY FISHIES~.en.srt,blndsundoll4mj,1/4/2023,00:07:14,00:07:14,Malibu Moses he has another 16 years as,https://youtu.be/oNy8M6dm59A&t=434,
16 YEARS ON YOUTUBE! (recreating first video w⧸ my daughter) ~KISSIES TO MY LITTLE BABY FISHIES~.en.srt,blndsundoll4mj,1/4/2023,00:07:14,00:07:16,Malibu Moses he has another 16 years as,https://youtu.be/oNy8M6dm59A&t=434,
16 YEARS ON YOUTUBE! (recreating first video w⧸ my daughter) ~KISSIES TO MY LITTLE BABY FISHIES~.en.srt,blndsundoll4mj,1/4/2023,00:07:16,00:07:16,our family grows and thank you guys for,https://youtu.be/oNy8M6dm59A&t=436,
16 YEARS ON YOUTUBE! (recreating first video w⧸ my daughter) ~KISSIES TO MY LITTLE BABY FISHIES~.en.srt,blndsundoll4mj,1/4/2023,00:07:16,00:07:17,our family grows and thank you guys for,https://youtu.be/oNy8M6dm59A&t=436,
16 YEARS ON YOUTUBE! (recreating first video w⧸ my daughter) ~KISSIES TO MY LITTLE BABY FISHIES~.en.srt,blndsundoll4mj,1/4/2023,00:07:17,00:07:17,growing with us and I love you the,https://youtu.be/oNy8M6dm59A&t=437,
16 YEARS ON YOUTUBE! (recreating first video w⧸ my daughter) ~KISSIES TO MY LITTLE BABY FISHIES~.en.srt,blndsundoll4mj,1/4/2023,00:07:17,00:07:19,growing with us and I love you the,https://youtu.be/oNy8M6dm59A&t=437,
16 YEARS ON YOUTUBE! (recreating first video w⧸ my daughter) ~KISSIES TO MY LITTLE BABY FISHIES~.en.srt,blndsundoll4mj,1/4/2023,00:07:19,00:07:19,blessings have been amazing from YouTube,https://youtu.be/oNy8M6dm59A&t=439,
16 YEARS ON YOUTUBE! (recreating first video w⧸ my daughter) ~KISSIES TO MY LITTLE BABY FISHIES~.en.srt,blndsundoll4mj,1/4/2023,00:07:19,00:07:21,blessings have been amazing from YouTube,https://youtu.be/oNy8M6dm59A&t=439,
16 YEARS ON YOUTUBE! (recreating first video w⧸ my daughter) ~KISSIES TO MY LITTLE BABY FISHIES~.en.srt,blndsundoll4mj,1/4/2023,00:07:21,00:07:21,I'll always stick by it,https://youtu.be/oNy8M6dm59A&t=441,
16 YEARS ON YOUTUBE! (recreating first video w⧸ my daughter) ~KISSIES TO MY LITTLE BABY FISHIES~.en.srt,blndsundoll4mj,1/4/2023,00:07:21,00:07:22,I'll always stick by it,https://youtu.be/oNy8M6dm59A&t=441,
16 YEARS ON YOUTUBE! (recreating first video w⧸ my daughter) ~KISSIES TO MY LITTLE BABY FISHIES~.en.srt,blndsundoll4mj,1/4/2023,00:07:22,00:07:22,[Music],https://youtu.be/oNy8M6dm59A&t=442,
16 YEARS ON YOUTUBE! (recreating first video w⧸ my daughter) ~KISSIES TO MY LITTLE BABY FISHIES~.en.srt,blndsundoll4mj,1/4/2023,00:07:22,00:07:25,[Music],https://youtu.be/oNy8M6dm59A&t=442,
16 YEARS ON YOUTUBE! (recreating first video w⧸ my daughter) ~KISSIES TO MY LITTLE BABY FISHIES~.en.srt,blndsundoll4mj,1/4/2023,00:07:25,00:07:25,Welcome to our kitchen counter the,https://youtu.be/oNy8M6dm59A&t=445,
16 YEARS ON YOUTUBE! (recreating first video w⧸ my daughter) ~KISSIES TO MY LITTLE BABY FISHIES~.en.srt,blndsundoll4mj,1/4/2023,00:07:25,00:07:27,Welcome to our kitchen counter the,https://youtu.be/oNy8M6dm59A&t=445,
16 YEARS ON YOUTUBE! (recreating first video w⧸ my daughter) ~KISSIES TO MY LITTLE BABY FISHIES~.en.srt,blndsundoll4mj,1/4/2023,00:07:27,00:07:27,kitchen the the kitchen counter the,https://youtu.be/oNy8M6dm59A&t=447,
16 YEARS ON YOUTUBE! (recreating first video w⧸ my daughter) ~KISSIES TO MY LITTLE BABY FISHIES~.en.srt,blndsundoll4mj,1/4/2023,00:07:27,00:07:29,kitchen the the kitchen counter the,https://youtu.be/oNy8M6dm59A&t=447,
16 YEARS ON YOUTUBE! (recreating first video w⧸ my daughter) ~KISSIES TO MY LITTLE BABY FISHIES~.en.srt,blndsundoll4mj,1/4/2023,00:07:29,00:07:29,kitchen comes that's a good one or the,https://youtu.be/oNy8M6dm59A&t=449,
16 YEARS ON YOUTUBE! (recreating first video w⧸ my daughter) ~KISSIES TO MY LITTLE BABY FISHIES~.en.srt,blndsundoll4mj,1/4/2023,00:07:29,00:07:31,kitchen comes that's a good one or the,https://youtu.be/oNy8M6dm59A&t=449,
16 YEARS ON YOUTUBE! (recreating first video w⧸ my daughter) ~KISSIES TO MY LITTLE BABY FISHIES~.en.srt,blndsundoll4mj,1/4/2023,00:07:31,00:07:31,kitchen glow up too from that kitchen to,https://youtu.be/oNy8M6dm59A&t=451,
16 YEARS ON YOUTUBE! (recreating first video w⧸ my daughter) ~KISSIES TO MY LITTLE BABY FISHIES~.en.srt,blndsundoll4mj,1/4/2023,00:07:31,00:07:33,kitchen glow up too from that kitchen to,https://youtu.be/oNy8M6dm59A&t=451,
16 YEARS ON YOUTUBE! (recreating first video w⧸ my daughter) ~KISSIES TO MY LITTLE BABY FISHIES~.en.srt,blndsundoll4mj,1/4/2023,00:07:33,00:07:33,this that kitchen I had piles of laundry,https://youtu.be/oNy8M6dm59A&t=453,
16 YEARS ON YOUTUBE! (recreating first video w⧸ my daughter) ~KISSIES TO MY LITTLE BABY FISHIES~.en.srt,blndsundoll4mj,1/4/2023,00:07:33,00:07:35,this that kitchen I had piles of laundry,https://youtu.be/oNy8M6dm59A&t=453,
16 YEARS ON YOUTUBE! (recreating first video w⧸ my daughter) ~KISSIES TO MY LITTLE BABY FISHIES~.en.srt,blndsundoll4mj,1/4/2023,00:07:35,00:07:35,and no working stoves now I have a stove,https://youtu.be/oNy8M6dm59A&t=455,
16 YEARS ON YOUTUBE! (recreating first video w⧸ my daughter) ~KISSIES TO MY LITTLE BABY FISHIES~.en.srt,blndsundoll4mj,1/4/2023,00:07:35,00:07:38,and no working stoves now I have a stove,https://youtu.be/oNy8M6dm59A&t=455,
16 YEARS ON YOUTUBE! (recreating first video w⧸ my daughter) ~KISSIES TO MY LITTLE BABY FISHIES~.en.srt,blndsundoll4mj,1/4/2023,00:07:38,00:07:38,but one day we'll be recreated it on,https://youtu.be/oNy8M6dm59A&t=458,
16 YEARS ON YOUTUBE! (recreating first video w⧸ my daughter) ~KISSIES TO MY LITTLE BABY FISHIES~.en.srt,blndsundoll4mj,1/4/2023,00:07:38,00:07:39,but one day we'll be recreated it on,https://youtu.be/oNy8M6dm59A&t=458,
16 YEARS ON YOUTUBE! (recreating first video w⧸ my daughter) ~KISSIES TO MY LITTLE BABY FISHIES~.en.srt,blndsundoll4mj,1/4/2023,00:07:39,00:07:39,your Museum,https://youtu.be/oNy8M6dm59A&t=459,
16 YEARS ON YOUTUBE! (recreating first video w⧸ my daughter) ~KISSIES TO MY LITTLE BABY FISHIES~.en.srt,blndsundoll4mj,1/4/2023,00:07:39,00:07:42,your Museum,https://youtu.be/oNy8M6dm59A&t=459,
16 YEARS ON YOUTUBE! (recreating first video w⧸ my daughter) ~KISSIES TO MY LITTLE BABY FISHIES~.en.srt,blndsundoll4mj,1/4/2023,00:07:42,00:07:42,coming next year tradition made it's,https://youtu.be/oNy8M6dm59A&t=462,
16 YEARS ON YOUTUBE! (recreating first video w⧸ my daughter) ~KISSIES TO MY LITTLE BABY FISHIES~.en.srt,blndsundoll4mj,1/4/2023,00:07:42,00:07:44,coming next year tradition made it's,https://youtu.be/oNy8M6dm59A&t=462,
16 YEARS ON YOUTUBE! (recreating first video w⧸ my daughter) ~KISSIES TO MY LITTLE BABY FISHIES~.en.srt,blndsundoll4mj,1/4/2023,00:07:44,00:07:44,easier coming next year where everyone,https://youtu.be/oNy8M6dm59A&t=464,
16 YEARS ON YOUTUBE! (recreating first video w⧸ my daughter) ~KISSIES TO MY LITTLE BABY FISHIES~.en.srt,blndsundoll4mj,1/4/2023,00:07:44,00:07:46,easier coming next year where everyone,https://youtu.be/oNy8M6dm59A&t=464,
16 YEARS ON YOUTUBE! (recreating first video w⧸ my daughter) ~KISSIES TO MY LITTLE BABY FISHIES~.en.srt,blndsundoll4mj,1/4/2023,00:07:46,00:07:46,can cry on the kitchen floor oh I love,https://youtu.be/oNy8M6dm59A&t=466,
16 YEARS ON YOUTUBE! (recreating first video w⧸ my daughter) ~KISSIES TO MY LITTLE BABY FISHIES~.en.srt,blndsundoll4mj,1/4/2023,00:07:46,00:07:48,can cry on the kitchen floor oh I love,https://youtu.be/oNy8M6dm59A&t=466,
16 YEARS ON YOUTUBE! (recreating first video w⧸ my daughter) ~KISSIES TO MY LITTLE BABY FISHIES~.en.srt,blndsundoll4mj,1/4/2023,00:07:48,00:07:48,that recreating all the kind of kitchens,https://youtu.be/oNy8M6dm59A&t=468,
16 YEARS ON YOUTUBE! (recreating first video w⧸ my daughter) ~KISSIES TO MY LITTLE BABY FISHIES~.en.srt,blndsundoll4mj,1/4/2023,00:07:48,00:07:50,that recreating all the kind of kitchens,https://youtu.be/oNy8M6dm59A&t=468,
16 YEARS ON YOUTUBE! (recreating first video w⧸ my daughter) ~KISSIES TO MY LITTLE BABY FISHIES~.en.srt,blndsundoll4mj,1/4/2023,00:07:50,00:07:50,yep,https://youtu.be/oNy8M6dm59A&t=470,
16 YEARS ON YOUTUBE! (recreating first video w⧸ my daughter) ~KISSIES TO MY LITTLE BABY FISHIES~.en.srt,blndsundoll4mj,1/4/2023,00:07:50,00:07:56,yep,https://youtu.be/oNy8M6dm59A&t=470,
16 YEARS ON YOUTUBE! (recreating first video w⧸ my daughter) ~KISSIES TO MY LITTLE BABY FISHIES~.en.srt,blndsundoll4mj,1/4/2023,00:07:56,00:07:56,,https://youtu.be/oNy8M6dm59A&t=476,
16 YEARS ON YOUTUBE! (recreating first video w⧸ my daughter) ~KISSIES TO MY LITTLE BABY FISHIES~.en.srt,blndsundoll4mj,1/4/2023,00:07:56,00:07:59,,https://youtu.be/oNy8M6dm59A&t=476,
16 YEARS ON YOUTUBE! (recreating first video w⧸ my daughter) ~KISSIES TO MY LITTLE BABY FISHIES~.en.srt,blndsundoll4mj,1/4/2023,00:07:59,00:07:59,all right,https://youtu.be/oNy8M6dm59A&t=479,
16 YEARS ON YOUTUBE! (recreating first video w⧸ my daughter) ~KISSIES TO MY LITTLE BABY FISHIES~.en.srt,blndsundoll4mj,1/4/2023,00:07:59,00:08:00,all right,https://youtu.be/oNy8M6dm59A&t=479,
16 YEARS ON YOUTUBE! (recreating first video w⧸ my daughter) ~KISSIES TO MY LITTLE BABY FISHIES~.en.srt,blndsundoll4mj,1/4/2023,00:08:00,00:08:00,hello,https://youtu.be/oNy8M6dm59A&t=480,
16 YEARS ON YOUTUBE! (recreating first video w⧸ my daughter) ~KISSIES TO MY LITTLE BABY FISHIES~.en.srt,blndsundoll4mj,1/4/2023,00:08:00,00:08:02,hello,https://youtu.be/oNy8M6dm59A&t=480,
16 YEARS ON YOUTUBE! (recreating first video w⧸ my daughter) ~KISSIES TO MY LITTLE BABY FISHIES~.en.srt,blndsundoll4mj,1/4/2023,00:08:02,00:08:03,thanks guys for watching,https://youtu.be/oNy8M6dm59A&t=482,
16 YEARS ON YOUTUBE! (recreating first video w⧸ my daughter) ~KISSIES TO MY LITTLE BABY FISHIES~.en.srt,blndsundoll4mj,1/4/2023,00:08:03,00:08:05,thanks guys for watching,https://youtu.be/oNy8M6dm59A&t=483,
16 YEARS ON YOUTUBE! (recreating first video w⧸ my daughter) ~KISSIES TO MY LITTLE BABY FISHIES~.en.srt,blndsundoll4mj,1/4/2023,00:08:05,00:08:05,and we'll see you real soon,https://youtu.be/oNy8M6dm59A&t=485,
16 YEARS ON YOUTUBE! (recreating first video w⧸ my daughter) ~KISSIES TO MY LITTLE BABY FISHIES~.en.srt,blndsundoll4mj,1/4/2023,00:08:05,00:08:08,and we'll see you real soon,https://youtu.be/oNy8M6dm59A&t=485,
16 YEARS ON YOUTUBE! (recreating first video w⧸ my daughter) ~KISSIES TO MY LITTLE BABY FISHIES~.en.srt,blndsundoll4mj,1/4/2023,00:08:08,00:08:08,and until next time here are my kisses,https://youtu.be/oNy8M6dm59A&t=488,
16 YEARS ON YOUTUBE! (recreating first video w⧸ my daughter) ~KISSIES TO MY LITTLE BABY FISHIES~.en.srt,blndsundoll4mj,1/4/2023,00:08:08,00:08:10,and until next time here are my kisses,https://youtu.be/oNy8M6dm59A&t=488,
16 YEARS ON YOUTUBE! (recreating first video w⧸ my daughter) ~KISSIES TO MY LITTLE BABY FISHIES~.en.srt,blndsundoll4mj,1/4/2023,00:08:10,00:08:10,for my little baby fishies,https://youtu.be/oNy8M6dm59A&t=490,
16 YEARS ON YOUTUBE! (recreating first video w⧸ my daughter) ~KISSIES TO MY LITTLE BABY FISHIES~.en.srt,blndsundoll4mj,1/4/2023,00:08:10,00:08:18,for my little baby fishies,https://youtu.be/oNy8M6dm59A&t=490,
16 YEARS ON YOUTUBE! (recreating first video w⧸ my daughter) ~KISSIES TO MY LITTLE BABY FISHIES~.en.srt,blndsundoll4mj,1/4/2023,00:08:18,00:08:18,[Music],https://youtu.be/oNy8M6dm59A&t=498,
16 YEARS ON YOUTUBE! (recreating first video w⧸ my daughter) ~KISSIES TO MY LITTLE BABY FISHIES~.en.srt,blndsundoll4mj,1/4/2023,00:08:18,00:08:20,[Music],https://youtu.be/oNy8M6dm59A&t=498,
16 YEARS ON YOUTUBE! (recreating first video w⧸ my daughter) ~KISSIES TO MY LITTLE BABY FISHIES~.en.srt,blndsundoll4mj,1/4/2023,00:08:20,00:08:20,one more time ready,https://youtu.be/oNy8M6dm59A&t=500,
16 YEARS ON YOUTUBE! (recreating first video w⧸ my daughter) ~KISSIES TO MY LITTLE BABY FISHIES~.en.srt,blndsundoll4mj,1/4/2023,00:08:20,00:08:23,one more time ready,https://youtu.be/oNy8M6dm59A&t=500,
16 YEARS ON YOUTUBE! (recreating first video w⧸ my daughter) ~KISSIES TO MY LITTLE BABY FISHIES~.en.srt,blndsundoll4mj,1/4/2023,00:08:23,00:08:23,[Music],https://youtu.be/oNy8M6dm59A&t=503,
16 YEARS ON YOUTUBE! (recreating first video w⧸ my daughter) ~KISSIES TO MY LITTLE BABY FISHIES~.en.srt,blndsundoll4mj,1/4/2023,00:08:23,00:08:24,[Music],https://youtu.be/oNy8M6dm59A&t=503,
16 YEARS ON YOUTUBE! (recreating first video w⧸ my daughter) ~KISSIES TO MY LITTLE BABY FISHIES~.en.srt,blndsundoll4mj,1/4/2023,00:08:24,00:08:24,one more time,https://youtu.be/oNy8M6dm59A&t=504,
16 YEARS ON YOUTUBE! (recreating first video w⧸ my daughter) ~KISSIES TO MY LITTLE BABY FISHIES~.en.srt,blndsundoll4mj,1/4/2023,00:08:24,00:08:27,one more time,https://youtu.be/oNy8M6dm59A&t=504,
16 YEARS ON YOUTUBE! (recreating first video w⧸ my daughter) ~KISSIES TO MY LITTLE BABY FISHIES~.en.srt,blndsundoll4mj,1/4/2023,00:08:27,00:08:27,[Music],https://youtu.be/oNy8M6dm59A&t=507,
16 YEARS ON YOUTUBE! (recreating first video w⧸ my daughter) ~KISSIES TO MY LITTLE BABY FISHIES~.en.srt,blndsundoll4mj,1/4/2023,00:08:27,00:08:30,[Music],https://youtu.be/oNy8M6dm59A&t=507,
16 YEARS ON YOUTUBE! (recreating first video w⧸ my daughter) ~KISSIES TO MY LITTLE BABY FISHIES~.en.srt,blndsundoll4mj,1/4/2023,00:08:30,00:08:30,you want a fish case,https://youtu.be/oNy8M6dm59A&t=510,
16 YEARS ON YOUTUBE! (recreating first video w⧸ my daughter) ~KISSIES TO MY LITTLE BABY FISHIES~.en.srt,blndsundoll4mj,1/4/2023,00:08:30,00:08:32,you want a fish case,https://youtu.be/oNy8M6dm59A&t=510,
16 YEARS ON YOUTUBE! (recreating first video w⧸ my daughter) ~KISSIES TO MY LITTLE BABY FISHIES~.en.srt,blndsundoll4mj,1/4/2023,00:08:32,00:08:32,one more time for them ready,https://youtu.be/oNy8M6dm59A&t=512,
16 YEARS ON YOUTUBE! (recreating first video w⧸ my daughter) ~KISSIES TO MY LITTLE BABY FISHIES~.en.srt,blndsundoll4mj,1/4/2023,00:08:32,00:08:33,one more time for them ready,https://youtu.be/oNy8M6dm59A&t=512,
16 YEARS ON YOUTUBE! (recreating first video w⧸ my daughter) ~KISSIES TO MY LITTLE BABY FISHIES~.en.srt,blndsundoll4mj,1/4/2023,00:08:33,00:08:33,[Music],https://youtu.be/oNy8M6dm59A&t=513,
16 YEARS ON YOUTUBE! (recreating first video w⧸ my daughter) ~KISSIES TO MY LITTLE BABY FISHIES~.en.srt,blndsundoll4mj,1/4/2023,00:08:33,00:08:36,[Music],https://youtu.be/oNy8M6dm59A&t=513,
16 YEARS ON YOUTUBE! (recreating first video w⧸ my daughter) ~KISSIES TO MY LITTLE BABY FISHIES~.en.srt,blndsundoll4mj,1/4/2023,00:08:36,00:08:36,[Laughter],https://youtu.be/oNy8M6dm59A&t=516,
16 YEARS ON YOUTUBE! (recreating first video w⧸ my daughter) ~KISSIES TO MY LITTLE BABY FISHIES~.en.srt,blndsundoll4mj,1/4/2023,00:08:36,00:08:39,[Laughter],https://youtu.be/oNy8M6dm59A&t=516,
16 YEARS ON YOUTUBE! (recreating first video w⧸ my daughter) ~KISSIES TO MY LITTLE BABY FISHIES~.en.srt,blndsundoll4mj,1/4/2023,00:08:39,00:08:39,she wants you so bad,https://youtu.be/oNy8M6dm59A&t=519,
16 YEARS ON YOUTUBE! (recreating first video w⧸ my daughter) ~KISSIES TO MY LITTLE BABY FISHIES~.en.srt,blndsundoll4mj,1/4/2023,00:08:39,00:08:40,she wants you so bad,https://youtu.be/oNy8M6dm59A&t=519,
16 YEARS ON YOUTUBE! (recreating first video w⧸ my daughter) ~KISSIES TO MY LITTLE BABY FISHIES~.en.srt,blndsundoll4mj,1/4/2023,00:08:40,00:08:40,squishy squishy,https://youtu.be/oNy8M6dm59A&t=520,
16 YEARS ON YOUTUBE! (recreating first video w⧸ my daughter) ~KISSIES TO MY LITTLE BABY FISHIES~.en.srt,blndsundoll4mj,1/4/2023,00:08:40,00:08:48,squishy squishy,https://youtu.be/oNy8M6dm59A&t=520,
16 YEARS ON YOUTUBE! (recreating first video w⧸ my daughter) ~KISSIES TO MY LITTLE BABY FISHIES~.en.srt,blndsundoll4mj,1/4/2023,00:08:48,00:08:48,[Music],https://youtu.be/oNy8M6dm59A&t=528,
16 YEARS ON YOUTUBE! (recreating first video w⧸ my daughter) ~KISSIES TO MY LITTLE BABY FISHIES~.en.srt,blndsundoll4mj,1/4/2023,00:08:48,00:08:53,[Music],https://youtu.be/oNy8M6dm59A&t=528,
16 YEARS ON YOUTUBE! (recreating first video w⧸ my daughter) ~KISSIES TO MY LITTLE BABY FISHIES~.en.srt,blndsundoll4mj,1/4/2023,00:08:53,00:08:53,,https://youtu.be/oNy8M6dm59A&t=533,
16 YEARS ON YOUTUBE! (recreating first video w⧸ my daughter) ~KISSIES TO MY LITTLE BABY FISHIES~.en.srt,blndsundoll4mj,1/4/2023,00:08:53,00:08:54,,https://youtu.be/oNy8M6dm59A&t=533,
16 YEARS ON YOUTUBE! (recreating first video w⧸ my daughter) ~KISSIES TO MY LITTLE BABY FISHIES~.en.srt,blndsundoll4mj,1/4/2023,00:08:54,00:08:54,[Music],https://youtu.be/oNy8M6dm59A&t=534,
16 YEARS ON YOUTUBE! (recreating first video w⧸ my daughter) ~KISSIES TO MY LITTLE BABY FISHIES~.en.srt,blndsundoll4mj,1/4/2023,00:08:54,00:08:57,[Music],https://youtu.be/oNy8M6dm59A&t=534,
16 YEARS ON YOUTUBE! (recreating first video w⧸ my daughter) ~KISSIES TO MY LITTLE BABY FISHIES~.en.srt,blndsundoll4mj,1/4/2023,00:08:57,00:08:57,no I mean,https://youtu.be/oNy8M6dm59A&t=537,
16 YEARS ON YOUTUBE! (recreating first video w⧸ my daughter) ~KISSIES TO MY LITTLE BABY FISHIES~.en.srt,blndsundoll4mj,1/4/2023,00:08:57,00:08:59,no I mean,https://youtu.be/oNy8M6dm59A&t=537,
16 YEARS ON YOUTUBE! (recreating first video w⧸ my daughter) ~KISSIES TO MY LITTLE BABY FISHIES~.en.srt,blndsundoll4mj,1/4/2023,00:08:59,00:08:59,uh I love you guys we'll see you soon,https://youtu.be/oNy8M6dm59A&t=539,
16 YEARS ON YOUTUBE! (recreating first video w⧸ my daughter) ~KISSIES TO MY LITTLE BABY FISHIES~.en.srt,blndsundoll4mj,1/4/2023,00:08:59,00:09:02,uh I love you guys we'll see you soon,https://youtu.be/oNy8M6dm59A&t=539,
